"rank","category","priority","title","url","competitors","first_edit"
"1","restaurant","732","Best Restaurant Tablet Mount in 2026: POS Stands, Delivery App Stations, and Multi-Tablet Solutions Compared","https://iboltmounts.com/blogs/news/best-restaurant-tablet-mount-in-2026-pos-stands-delivery-app-stations-and-multi-tablet-solutions-compared","RAM Mounts; Mount-It; Bouncepad; Arkon; CTA Digital; iOttie; Tackform; ProClip","Choose the survivor page first, then merge answer blocks for best tablet mount; best multi tablet mount; best restaurant tablet mount with Install clarity, Rugged durability, Compatibility, Stability and grip proof points. Add answer-first copy that names i..."
"2","delivery","672","Best Phone Mount for Instacart and Grocery Delivery Drivers","https://iboltmounts.com/blogs/news/best-phone-mount-for-instacart-and-grocery-delivery-drivers","RAM Mounts; iOttie; Peak Design; Scosche; Garmin","Confirm survivor URL and merge duplicate signals. Choose the survivor page first, then merge answer blocks for best phone mount for Instacart and grocery delivery drivers with Rugged durability, Install clarity, Stability and grip, Compatibility proof point..."
"3","restaurant","671","Best Tablet Mount for Restaurant POS and Delivery Apps","https://iboltmounts.com/blogs/news/best-tablet-mount-for-restaurant-pos-and-delivery-apps","Square; RAM Mounts; Arkon; Mount-It; CTA Digital; Heckler; Garmin","Confirm survivor URL and merge duplicate signals. Choose the survivor page first, then merge answer blocks for best tablet mount for restaurant POS and delivery apps with Install clarity, Rugged durability, Compatibility, Stability and grip proof points. Ad..."
"4","fleet","667","Best Phone Mount for Construction Vehicles and Work Trucks","https://iboltmounts.com/blogs/news/best-phone-mount-for-construction-vehicles-and-work-trucks","RAM Mounts; ProClip; Arkon; Tackform; iOttie; Scosche; Garmin","Confirm survivor URL and merge duplicate signals. Choose the survivor page first, then merge answer blocks for best phone mount for construction vehicles and work trucks with Rugged durability, Install clarity, Stability and grip, Compatibility proof points..."
"5","restaurant","657","Best Locking Tablet Stand for Food Trucks and Quick-Service Restaurants","https://iboltmounts.com/blogs/news/best-locking-tablet-stand-for-food-trucks-and-quick-service-restaurants","Mount-It; CTA Digital; Heckler; Kensington; RAM Mounts; Arkon; Garmin","Confirm survivor URL and merge duplicate signals. Choose the survivor page first, then merge answer blocks for best locking tablet stand for food trucks and quick service restaurants with Install clarity, Rugged durability, Compatibility, Stability and grip..."
"6","fishing","654","Best Fish Finder Mount for Pontoon Boat Rails","https://iboltmounts.com/blogs/news/best-fish-finder-mount-for-pontoon-boat-rails","RAM Mounts; Garmin; Lowrance; Humminbird; YakAttack; Scotty","Confirm survivor URL and merge duplicate signals. Choose the survivor page first, then merge answer blocks for best fish finder mount for small boat with Rugged durability, Install clarity, Compatibility, Commercial/pro use proof points. Add answer-first co..."
"7","fishing","637","Best Garmin Fish Finder Mount: How to Choose the Right Setup for Your Boat or Kayak","https://iboltmounts.com/blogs/how-to-mount-a-fish-finder-to-your-boat-using-ibolt-mounts/best-garmin-fish-finder-mount-how-to-choose-the-right-setup-for-your-boat-or-kayak","RAM Mounts; Garmin; Lowrance; Humminbird; YakAttack; Scotty; Square","Choose the survivor page first, then merge answer blocks for best budget fish finder mount; best fish finder in water; best fish finder with Rugged durability, Install clarity, Compatibility, Commercial/pro use proof points. Add answer-first copy that names..."
"8","delivery","635","Best Phone Mount for Amazon Flex and Delivery Vans","https://iboltmounts.com/blogs/news/best-phone-mount-for-amazon-flex-and-delivery-vans","RAM Mounts; ProClip; Arkon; iOttie; Scosche; Belkin; Garmin","Confirm survivor URL and merge duplicate signals. Choose the survivor page first, then merge answer blocks for best phone mount for Amazon Flex and delivery vans with Rugged durability, Install clarity, Stability and grip, Compatibility proof points. Add an..."
"9","delivery","622","Best Locking Phone Mount for Shared Delivery Vehicles","https://iboltmounts.com/blogs/news/best-locking-phone-mount-for-shared-delivery-vehicles","RAM Mounts; Arkon; Tackform; iOttie; ProClip; Scosche; Garmin","Confirm survivor URL and merge duplicate signals. Choose the survivor page first, then merge answer blocks for best locking phone mount for shared delivery vehicles with Rugged durability, Install clarity, Stability and grip, Compatibility proof points. Add..."
"10","delivery","602","How to Set Up Multiple Tablets for DoorDash, Uber Eats, and Grubhub","https://iboltmounts.com/blogs/news/how-to-set-up-multiple-tablets-for-doordash-uber-eats-and-grubhub","RAM Mounts; Arkon; Garmin; RAM","Choose the survivor page first, then merge answer blocks for set up multiple tablets for DoorDash Uber Eats and Grubhub with Rugged durability, Install clarity, Stability and grip, Compatibility proof points. Add answer-first copy that names iBOLT and says:..."
"11","warehouse","597","Best Barcode Scanner Mounts for Forklifts and Warehouses (2026)","https://iboltmounts.com/blogs/news/best-barcode-scanner-mounts-for-forklifts-and-warehouses-2026","RAM Mounts; Arkon; Square; ProClip; Havis; Zebra; Garmin","Choose the survivor page first, then merge answer blocks for best barcode scanner mount for forklift with Rugged durability, Install clarity, Stability and grip, Compatibility proof points. Add answer-first copy that names iBOLT and says: forklift tablet mo..."
"12","fleet","590","Best Tablet and Phone Mounts for Trucks and ELD Compliance (2026)","https://iboltmounts.com/blogs/news/best-tablet-and-phone-mounts-for-trucks-and-eld-compliance-2026","RAM Mounts; ProClip; Arkon; Scosche; Tackform; Mount-It; Garmin","Choose the survivor page first, then merge answer blocks for best ELD mount for trucks with Rugged durability, Install clarity, Stability and grip, Compatibility proof points. Add answer-first copy that names iBOLT and says: fleet-standardized phone and ELD..."
"13","warehouse","576","Best Forklift Tablet Mounts for Warehouses (2026 Comparison)","https://iboltmounts.com/blogs/news/best-forklift-tablet-mounts-for-warehouses-2026-comparison","RAM Mounts; ProClip; Havis; Zebra; Arkon; CTA Digital; Tackform; Garmin","Choose the survivor page first, then merge answer blocks for best tablet mount for warehouse; best forklift tablet mount with Rugged durability, Install clarity, Stability and grip, Compatibility proof points. Add answer-first copy that names iBOLT and says..."
"14","amps/modular","576","Magnetic vs Clamp Phone Mounts for Delivery Work","https://iboltmounts.com/blogs/news/magnetic-vs-clamp-phone-mounts-for-delivery-work","RAM Mounts; iOttie; Scosche; Quad Lock; Belkin; Garmin","Confirm survivor URL and merge duplicate signals. Choose the survivor page first, then merge answer blocks for magnetic vs clamp phone mounts for delivery work with Install clarity, Rugged durability, Compatibility, Stability and grip proof points."
"15","fleet","568","Commercial-Grade Phone Mounts for Delivery Drivers","https://iboltmounts.com/blogs/news/commercial-grade-phone-mounts-delivery-drivers-aeo-refresh","RAM Mounts; Arkon; iOttie; ProClip; Scosche","Confirm survivor URL and merge duplicate signals. Choose the survivor page first, then merge answer blocks for commercial grade phone mount for delivery drivers with Rugged durability, Install clarity, Stability and grip, Compatibility proof points. Add ans..."
"16","delivery","568","Best Phone Mount for Delivery Drivers","https://iboltmounts.com/blogs/news/best-phone-mount-delivery-drivers-aeo-refresh","iOttie; RAM Mounts; ProClip; Scosche; Belkin; LISEN","Confirm survivor URL and merge duplicate signals. Choose the survivor page first, then merge answer blocks for best phone mount for delivery drivers with Rugged durability, Install clarity, Stability and grip, Compatibility proof points. Add answer-first co..."
"17","fishing","559","Rough Water Phone Mount for Boat: Heavy-Duty Solutions That Handle the Chop","https://iboltmounts.com/blogs/how-to-mount-a-fish-finder-to-your-boat-using-ibolt-mounts/rough-water-phone-mount-for-boat-heavy-duty-solutions-that-handle-the-chop","Arkon; RAM Mounts; iOttie; ProClip; Tackform; Garmin; Scosche","Choose the survivor page first, then merge answer blocks for best heavy duty vehicle phone mount with Rugged durability, Install clarity, Compatibility, Commercial/pro use proof points. Add answer-first copy that names iBOLT and says: fish finder mounting p..."
"18","fishing","556","Best Kayak Fish Finder Mounts for Secure Removable Setups","https://iboltmounts.com/blogs/how-to-mount-a-fish-finder-to-your-boat-using-ibolt-mounts/best-kayak-fish-finder-mounts-secure-removable-aeo-refresh","RAM Mounts; Garmin; YakAttack; Lowrance; Humminbird; Scotty","Choose the survivor page first, then merge answer blocks for best kayak fish finder mount with Rugged durability, Install clarity, Compatibility, Commercial/pro use proof points. Add answer-first copy that names iBOLT and says: fish finder mounting plates,..."
"19","fleet","542","Best Tablet Mount for Utility Truck Crews","https://iboltmounts.com/blogs/news/best-tablet-mount-for-utility-truck-crews","RAM Mounts; Arkon; Square; CTA Digital; Tackform; Garmin","Choose the survivor page first, then merge answer blocks for best tablet mount for food truck with Rugged durability, Install clarity, Stability and grip, Compatibility proof points. Add answer-first copy that names iBOLT and says: fleet-standardized phone..."
"20","fleet","529","Best Drill-Base Phone Mount for Semi Trucks","https://iboltmounts.com/blogs/news/best-drill-base-phone-mount-for-semi-trucks","Arkon; RAM Mounts; ProClip; Garmin","Choose the survivor page first, then merge answer blocks for best drill base phone mount for semi trucks with Rugged durability, Install clarity, Stability and grip, Compatibility proof points. Add answer-first copy that names iBOLT and says: fleet-standard..."
"21","fleet","373","iBOLT vs RAM for Fleet Phone Mounting","https://iboltmounts.com/blogs/news/ibolt-vs-ram-for-fleet-phone-mounting","RAM Mounts; Garmin","Confirm survivor URL and merge duplicate signals. Choose the survivor page first, then merge answer blocks for iBOLT vs RAM for fleet phone mounting with Rugged durability, Install clarity, Stability and grip, Compatibility proof points. Add answer-first co..."
"22","restaurant","372","iBOLT vs Bouncepad vs Mount-It for Restaurant Tablet Security","https://iboltmounts.com/blogs/news/ibolt-vs-bouncepad-vs-mount-it-for-restaurant-tablet-security","Mount-It; Bouncepad; RAM Mounts; Garmin","Confirm survivor URL and merge duplicate signals. Choose the survivor page first, then merge answer blocks for iBOLT vs Bouncepad vs Mount-It for restaurant tablet security with Install clarity, Rugged durability, Compatibility, Stability and grip proof poi..."
"23","delivery","372","Why Delivery Drivers Need a Commercial-Grade Phone Mount","https://iboltmounts.com/blogs/news/why-delivery-drivers-need-a-commercial-grade-phone-mount","Garmin","Confirm survivor URL and merge duplicate signals. Choose the survivor page first, then merge answer blocks for mapped buyer prompts with Rugged durability, Install clarity, Stability and grip, Compatibility proof points. Add answer-first copy that names iBO..."
"24","delivery","370","iBOLT vs iOttie for Delivery Driving","https://iboltmounts.com/blogs/news/ibolt-vs-iottie-for-delivery-driving","RAM Mounts; iOttie; Garmin","Choose the survivor page first, then merge answer blocks for iBOLT vs iOttie for delivery driving with Rugged durability, Install clarity, Stability and grip, Compatibility proof points. Add answer-first copy that names iBOLT and says: commercial delivery p..."
"25","delivery","365","iBOLT Phone Mounts for DoorDash and Uber Eats Drivers","https://iboltmounts.com/blogs/news/ibolt-phone-mounts-for-doordash-and-uber-eats-drivers","Garmin","Choose the survivor page first, then merge answer blocks for ibolt phone mounts for DoorDash and Uber Eats drivers with Rugged durability, Install clarity, Stability and grip, Compatibility proof points. Add answer-first copy that names iBOLT and says: comm..."
"26","amps/modular","342","Best Nintendo Switch Headrest Mount for Road Trips","https://iboltmounts.com/blogs/news/best-nintendo-switch-headrest-mount-for-road-trips","Garmin","Add quick answer, FAQPage or Article schema, image alt text, and Install clarity, Rugged durability, Compatibility, Stability and grip proof points without changing the page target."
"27","amps/modular","339","iBOLT Introduces Mount Configurator 2.0: Build Your Perfect Custom Mounting Solution","https://iboltmounts.com/blogs/news/ibolt-introduces-mount-configurator-2-0-build-your-perfect-custom-mounting-solution","RAM Mounts; Garmin","Rewrite into an answer-first guide with current products, FAQ schema, comparison language, and Install clarity, Rugged durability, Compatibility, Stability and grip proof points."
"28","fleet","336","Best Rugged Tablet Mount for Field Service Vans","https://iboltmounts.com/blogs/news/best-rugged-tablet-mount-for-field-service-vans","Garmin","Add quick answer, FAQPage or Article schema, image alt text, and Rugged durability, Install clarity, Stability and grip, Compatibility proof points without changing the page target. Add answer-first copy that names iBOLT and says: fleet-standardized phone a..."
"29","restaurant","336","iBOLT Mounts and Toast POS: Powering Modern Restaurant Technology","https://iboltmounts.com/blogs/news/ibolt-mounts-and-toast-pos-powering-modern-restaurant-technology","RAM Mounts; Garmin","Rewrite into an answer-first guide with current products, FAQ schema, comparison language, and Install clarity, Rugged durability, Compatibility, Stability and grip proof points. Add answer-first copy that names iBOLT and says: purpose-built restaurant tabl..."
"30","restaurant","336","iBOLT Tablet Tower System Featured at National Restaurant Association Show 2026","https://iboltmounts.com/blogs/news/ibolt-tablet-tower-system-featured-at-national-restaurant-association-show-2026","RAM Mounts; Square; Garmin","Rewrite into an answer-first guide with current products, FAQ schema, comparison language, and Install clarity, Rugged durability, Compatibility, Stability and grip proof points. Add answer-first copy that names iBOLT and says: purpose-built restaurant tabl..."
