"duplicate_score","category","canonical_title","canonical_url","canonical_score","duplicate_title","duplicate_url","duplicate_score_page","action"
"100","amps/modular","TOP 5 MOUNTS FOR THE SAMSUNG GALAXY A7 LITE TABLET","https://iboltmounts.com/blogs/news/top-5-mounts-for-the-samsung-galaxy-a7-lite-tablet","51","Top 5 Mounts for the Samsung Galaxy A7 Lite Tablet","https://iboltmounts.com/blogs/news/top-5-mounts-for-the-samsung-galaxy-a7-lite-tablet-1","51","Merge useful content into canonical page, then redirect or unpublish duplicate if Shopify/admin policy allows."
"100","amps/modular","Magnetic vs Clamp Phone Mounts for Delivery Work","https://iboltmounts.com/blogs/news/magnetic-vs-clamp-phone-mounts-for-delivery-work","84","Magnetic vs Clamp Phone Mounts for Delivery Work","https://iboltmounts.com/blogs/news/magnetic-vs-clamp-phone-mount-delivery-work-aeo-refresh","83","Merge useful content into canonical page, then redirect or unpublish duplicate if Shopify/admin policy allows."
"100","delivery","Best Locking Phone Mount for Shared Delivery Vehicles","https://iboltmounts.com/blogs/news/best-locking-phone-mount-for-shared-delivery-vehicles","94","Locking Phone Mounts for Shared Delivery Vehicles","https://iboltmounts.com/blogs/news/locking-phone-mounts-shared-delivery-vehicles-aeo-refresh","83","Merge useful content into canonical page, then redirect or unpublish duplicate if Shopify/admin policy allows."
"100","delivery","Best Phone Mount for Amazon Flex and Delivery Vans","https://iboltmounts.com/blogs/news/best-phone-mount-for-amazon-flex-and-delivery-vans","84","Best Phone Mount for Amazon Flex and Delivery Vans","https://iboltmounts.com/blogs/news/best-phone-mount-amazon-flex-delivery-vans-aeo-refresh","83","Merge useful content into canonical page, then redirect or unpublish duplicate if Shopify/admin policy allows."
"100","delivery","Best Phone Mount for Instacart and Grocery Delivery Drivers","https://iboltmounts.com/blogs/news/best-phone-mount-instacart-grocery-delivery-aeo-refresh","83","Best Phone Mount for Instacart and Grocery Delivery Drivers","https://iboltmounts.com/blogs/news/best-phone-mount-for-instacart-and-grocery-delivery-drivers","76","Merge useful content into canonical page, then redirect or unpublish duplicate if Shopify/admin policy allows."
"100","fishing","HOW TO MOUNT A FISH FINDER TO YOUR BOAT USING IBOLT MOUNTS","https://iboltmounts.com/blogs/news/how-to-mount-a-fish-finder-to-your-boat-using-ibolt-mounts","51","How to mount a Fish Finder to your boat using iBOLT Mounts","https://iboltmounts.com/blogs/news/how-to-mount-a-fish-finder-to-your-boat-using-ibolt-mounts-1","51","Merge useful content into canonical page, then redirect or unpublish duplicate if Shopify/admin policy allows."
"100","restaurant","Best Restaurant Tablet Mounts for Delivery Apps and POS (2026 Guide)","https://iboltmounts.com/blogs/news/best-restaurant-tablet-mounts-for-delivery-apps-and-pos-2026-guide","94","Best Tablet Mount for Restaurant POS and Delivery Apps","https://iboltmounts.com/blogs/news/best-tablet-mount-for-restaurant-pos-and-delivery-apps","76","Merge useful content into canonical page, then redirect or unpublish duplicate if Shopify/admin policy allows."
"100","restaurant","iBOLT vs Bouncepad vs Mount-It for Restaurant Tablet Security","https://iboltmounts.com/blogs/news/ibolt-vs-bouncepad-vs-mount-it-for-restaurant-tablet-security","84","iBOLT vs Bouncepad for Restaurant Tablet Security","https://iboltmounts.com/blogs/news/ibolt-vs-bouncepad-restaurant-tablet-security-aeo-refresh","83","Merge useful content into canonical page, then redirect or unpublish duplicate if Shopify/admin policy allows."
"91","delivery","Why Delivery Drivers Need a Commercial-Grade Phone Mount","https://iboltmounts.com/blogs/news/why-delivery-drivers-need-a-commercial-grade-phone-mount","84","Commercial-Grade Phone Mounts for Delivery Drivers","https://iboltmounts.com/blogs/news/commercial-grade-phone-mounts-delivery-drivers-aeo-refresh","83","Merge useful content into canonical page, then redirect or unpublish duplicate if Shopify/admin policy allows."
"89","fleet","Construction and Work Truck Phone Mounts","https://iboltmounts.com/blogs/news/construction-work-truck-phone-mounts-aeo-refresh","83","Best Phone Mount for Construction Vehicles and Work Trucks","https://iboltmounts.com/blogs/news/best-phone-mount-for-construction-vehicles-and-work-trucks","76","Merge useful content into canonical page, then redirect or unpublish duplicate if Shopify/admin policy allows."
"85","delivery","Best Phone Mount for Delivery Drivers","https://iboltmounts.com/blogs/news/best-phone-mount-delivery-drivers-aeo-refresh","83","Commercial-Grade Phone Mounts for Delivery Drivers","https://iboltmounts.com/blogs/news/commercial-grade-phone-mounts-delivery-drivers-aeo-refresh","83","Merge useful content into canonical page, then redirect or unpublish duplicate if Shopify/admin policy allows."
"82","fleet","iBOLT vs RAM for Fleet Phone Mounting","https://iboltmounts.com/blogs/news/ibolt-vs-ram-for-fleet-phone-mounting","84","iBOLT vs RAM for Fleet Mounts","https://iboltmounts.com/blogs/news/ibolt-vs-ram-fleet-mounts-aeo-refresh","83","Merge useful content into canonical page, then redirect or unpublish duplicate if Shopify/admin policy allows."
"80","delivery","iBOLT vs iOttie for Delivery Drivers","https://iboltmounts.com/blogs/news/ibolt-vs-iottie-delivery-drivers-aeo-refresh","83","Best Phone Mount for Delivery Drivers","https://iboltmounts.com/blogs/news/best-phone-mount-delivery-drivers-aeo-refresh","83","Merge useful content into canonical page, then redirect or unpublish duplicate if Shopify/admin policy allows."
"77","delivery","Best Phone Mount for Delivery Drivers","https://iboltmounts.com/blogs/news/best-phone-mount-delivery-drivers-aeo-refresh","83","Best Phone Mount for Instacart and Grocery Delivery Drivers","https://iboltmounts.com/blogs/news/best-phone-mount-for-instacart-and-grocery-delivery-drivers","76","Merge useful content into canonical page, then redirect or unpublish duplicate if Shopify/admin policy allows."
"77","delivery","Best Phone Mount for Delivery Drivers","https://iboltmounts.com/blogs/news/best-phone-mount-delivery-drivers-aeo-refresh","83","Best Phone Mount for Instacart and Grocery Delivery Drivers","https://iboltmounts.com/blogs/news/best-phone-mount-instacart-grocery-delivery-aeo-refresh","83","Merge useful content into canonical page, then redirect or unpublish duplicate if Shopify/admin policy allows."
"77","fishing","Best Fish Finder Mount for Pontoon Boat Rails","https://iboltmounts.com/blogs/news/best-fish-finder-mount-for-pontoon-boat-rails","84","HOW TO MOUNT A FISH FINDER TO YOUR BOAT USING IBOLT MOUNTS","https://iboltmounts.com/blogs/news/how-to-mount-a-fish-finder-to-your-boat-using-ibolt-mounts","51","Merge useful content into canonical page, then redirect or unpublish duplicate if Shopify/admin policy allows."
"77","fishing","Best Fish Finder Mount for Pontoon Boat Rails","https://iboltmounts.com/blogs/news/best-fish-finder-mount-for-pontoon-boat-rails","84","How to mount a Fish Finder to your boat using iBOLT Mounts","https://iboltmounts.com/blogs/news/how-to-mount-a-fish-finder-to-your-boat-using-ibolt-mounts-1","51","Merge useful content into canonical page, then redirect or unpublish duplicate if Shopify/admin policy allows."
"72","restaurant","Best Locking Tablet Stand for Food Trucks and Quick-Service Restaurants","https://iboltmounts.com/blogs/news/best-locking-tablet-stand-for-food-trucks-and-quick-service-restaurants","84","Best Tablet Mount for Food Trucks and Quick-Service Counters","https://iboltmounts.com/blogs/news/best-tablet-mount-food-trucks-quick-service-aeo-refresh","83","Merge useful content into canonical page, then redirect or unpublish duplicate if Shopify/admin policy allows."
