"urgency","score","topic","title","url","source","product_links","ibolt_mentions","competitors","fixes"
"117","51","streaming","5 Ways To Increase Your YouTube Audience With An Action Camera using iBOLT Mounts","https://iboltmounts.com/blogs/news/5-ways-to-increase-your-youtube-audience-with-an-action-camera-using-ibolt-mounts","public","12","10","Garmin","Add FAQ section and FAQ schema for AI-readable Q&A.; Add a concise quick-answer block near the top.; Add comparison/tradeoff language against alternatives.; Add more descriptive H2/H3 sections.; Add descriptive alt text to all article images.; Tighten meta description to roughly 110-165 characters."
"117","51","amps/modular","Unmatched Adaptability: Explore iBOLT's Modular Tablet Mount Solutions","https://iboltmounts.com/blogs/news/customizable-mounting-solutions-for-every-need","public","14","20","Garmin","Add FAQ section and FAQ schema for AI-readable Q&A.; Add a concise quick-answer block near the top.; Add comparison/tradeoff language against alternatives.; Add more descriptive H2/H3 sections.; Add descriptive alt text to all article images.; Tighten meta description to roughly 110-165 characters."
"117","51","fishing","HOW TO MOUNT A FISH FINDER TO YOUR BOAT USING IBOLT MOUNTS","https://iboltmounts.com/blogs/news/how-to-mount-a-fish-finder-to-your-boat-using-ibolt-mounts","public","12","33","Garmin; Lowrance","Add FAQ section and FAQ schema for AI-readable Q&A.; Add a concise quick-answer block near the top.; Add comparison/tradeoff language against alternatives.; Add more descriptive H2/H3 sections.; Add descriptive alt text to all article images.; Tighten meta description to roughly 110-165 characters."
"117","51","fishing","How to mount a Fish Finder to your boat using iBOLT Mounts","https://iboltmounts.com/blogs/news/how-to-mount-a-fish-finder-to-your-boat-using-ibolt-mounts-1","public","12","32","Garmin; Lowrance","Add FAQ section and FAQ schema for AI-readable Q&A.; Add a concise quick-answer block near the top.; Add comparison/tradeoff language against alternatives.; Add more descriptive H2/H3 sections.; Add descriptive alt text to all article images.; Tighten meta description to roughly 110-165 characters."
"117","51","amps/modular","How to spot imitation iBOLT products on Amazon","https://iboltmounts.com/blogs/news/how-to-spot-imitation-ibolt-products-on-amazon","public","12","28","Garmin","Add FAQ section and FAQ schema for AI-readable Q&A.; Add a concise quick-answer block near the top.; Add comparison/tradeoff language against alternatives.; Add more descriptive H2/H3 sections.; Add descriptive alt text to all article images.; Tighten meta description to roughly 110-165 characters."
"117","51","education","IBOLT MOUNTS FOR BACK-TO-SCHOOL","https://iboltmounts.com/blogs/news/ibolt-mounts-for-back-to-school","public","12","24","Garmin","Add FAQ section and FAQ schema for AI-readable Q&A.; Add a concise quick-answer block near the top.; Add comparison/tradeoff language against alternatives.; Add more descriptive H2/H3 sections.; Add descriptive alt text to all article images.; Tighten meta description to roughly 110-165 characters."
"117","51","amps/modular","iBOLT Mounts for Road Trips","https://iboltmounts.com/blogs/news/ibolt-mounts-for-road-trips","public","12","17","Garmin","Add FAQ section and FAQ schema for AI-readable Q&A.; Add a concise quick-answer block near the top.; Add comparison/tradeoff language against alternatives.; Add more descriptive H2/H3 sections.; Add descriptive alt text to all article images.; Tighten meta description to roughly 110-165 characters."
"117","51","offroad","Mounts to take off-roading in your Jeep Wrangler","https://iboltmounts.com/blogs/news/mounts-to-take-off-roading-in-your-jeep-wrangler","public","12","21","Garmin","Add FAQ section and FAQ schema for AI-readable Q&A.; Add a concise quick-answer block near the top.; Add comparison/tradeoff language against alternatives.; Add more descriptive H2/H3 sections.; Add descriptive alt text to all article images.; Tighten meta description to roughly 110-165 characters."
"117","51","education","THE BENEFITS OF GOING PAPERLESS IN SCHOOLS","https://iboltmounts.com/blogs/news/the-benefits-of-going-paperless-in-schools","public","12","12","Garmin","Add FAQ section and FAQ schema for AI-readable Q&A.; Add a concise quick-answer block near the top.; Add comparison/tradeoff language against alternatives.; Add more descriptive H2/H3 sections.; Add descriptive alt text to all article images.; Tighten meta description to roughly 110-165 characters."
"117","51","education","TOP TABLET STANDS FOR STUDENTS GOING BACK TO SCHOOL","https://iboltmounts.com/blogs/news/the-best-tablet-stands-for-students-going-back-to-school","public","12","41","Garmin","Add FAQ section and FAQ schema for AI-readable Q&A.; Add a concise quick-answer block near the top.; Add comparison/tradeoff language against alternatives.; Add more descriptive H2/H3 sections.; Add descriptive alt text to all article images.; Tighten meta description to roughly 110-165 characters."
"117","51","amps/modular","Top 4 Locking Tablet Mounts to Keep Your Device Safe","https://iboltmounts.com/blogs/news/top-4-locking-tablet-mounts-to-keep-your-device-safe","public","12","21","Garmin","Add FAQ section and FAQ schema for AI-readable Q&A.; Add a concise quick-answer block near the top.; Add comparison/tradeoff language against alternatives.; Add more descriptive H2/H3 sections.; Add descriptive alt text to all article images.; Tighten meta description to roughly 110-165 characters."
"117","51","amps/modular","TOP 5 MOUNTS FOR THE SAMSUNG GALAXY A7 LITE TABLET","https://iboltmounts.com/blogs/news/top-5-mounts-for-the-samsung-galaxy-a7-lite-tablet","public","12","8","Garmin","Add FAQ section and FAQ schema for AI-readable Q&A.; Add a concise quick-answer block near the top.; Add comparison/tradeoff language against alternatives.; Add more descriptive H2/H3 sections.; Add descriptive alt text to all article images.; Tighten meta description to roughly 110-165 characters."
"117","51","amps/modular","Top 5 Mounts for the Samsung Galaxy A7 Lite Tablet","https://iboltmounts.com/blogs/news/top-5-mounts-for-the-samsung-galaxy-a7-lite-tablet-1","public","12","9","Garmin","Add FAQ section and FAQ schema for AI-readable Q&A.; Add a concise quick-answer block near the top.; Add comparison/tradeoff language against alternatives.; Add more descriptive H2/H3 sections.; Add descriptive alt text to all article images.; Tighten meta description to roughly 110-165 characters."
"103","57","streaming","Best Multi-Camera Phone Mount for Live Streaming","https://iboltmounts.com/blogs/news/best-multi-camera-phone-mount-for-live-streaming","local_db_fallback","10","4","","Add a supporting collection link for broader shopping context.; Add or validate Article/BlogPosting schema.; Add a concise quick-answer block near the top.; Add comparison/tradeoff language against alternatives.; Tighten meta description to roughly 110-165 characters."
"101","59","streaming","4 iBOLT Products for New Streamers","https://iboltmounts.com/blogs/news/4-ibolt-products-for-new-streamers","public","12","18","Garmin","Add FAQ section and FAQ schema for AI-readable Q&A.; Add a concise quick-answer block near the top.; Add comparison/tradeoff language against alternatives.; Add descriptive alt text to all article images.; Tighten meta description to roughly 110-165 characters."
"101","59","amps/modular","5 USEFUL TABLET MOUNTS FOR YOUR KITCHEN","https://iboltmounts.com/blogs/news/5-useful-tablet-mounts-for-your-kitchen","public","12","14","Garmin","Add FAQ section and FAQ schema for AI-readable Q&A.; Add a concise quick-answer block near the top.; Add comparison/tradeoff language against alternatives.; Add descriptive alt text to all article images.; Tighten meta description to roughly 110-165 characters."
"101","59","amps/modular","Ball Mounts Explained: Complete Guide to 20mm, 25mm, and Universal Mounting Solutions","https://iboltmounts.com/blogs/news/ball-mounts-explained-complete-guide-to-20mm-25mm-and-universal-mounting-solutions","public","12","30","Tackform; Garmin","Add FAQ section and FAQ schema for AI-readable Q&A.; Add a concise quick-answer block near the top.; Add more descriptive H2/H3 sections.; Add descriptive alt text to all article images.; Tighten meta description to roughly 110-165 characters."
"101","59","streaming","BEST IBOLT MOUNTAIN BIKE PHONE AND ACTION CAMERA MOUNTS","https://iboltmounts.com/blogs/news/best-ibolt-mountain-bike-phone-and-action-camera-mounts","public","12","21","Garmin","Add FAQ section and FAQ schema for AI-readable Q&A.; Add a concise quick-answer block near the top.; Add comparison/tradeoff language against alternatives.; Add descriptive alt text to all article images.; Tighten meta description to roughly 110-165 characters."
"101","59","agriculture","DO FARMERS USE TABLET MOUNTS? - WHAT TECH IS USED ON A FARM?- THE NEWEST AND COOLEST FARM TOOL","https://iboltmounts.com/blogs/news/do-farmers-use-tablet-mounts-what-tech-is-used-on-a-farm-the-newest-and-coolest-farm-tool","public","12","14","Garmin","Add FAQ section and FAQ schema for AI-readable Q&A.; Add a concise quick-answer block near the top.; Add comparison/tradeoff language against alternatives.; Add descriptive alt text to all article images.; Tighten meta description to roughly 110-165 characters."
"101","59","fishing","EMBARKING ON A FISHING ADVENTURE: CHOOSING THE RIGHT MOUNT FOR YOUR FISH FINDER","https://iboltmounts.com/blogs/news/embarking-on-a-fishing-adventure-choosing-the-right-mount-for-your-fish-finder","public","12","28","Garmin; Lowrance","Add FAQ section and FAQ schema for AI-readable Q&A.; Add a concise quick-answer block near the top.; Add comparison/tradeoff language against alternatives.; Add descriptive alt text to all article images.; Tighten meta description to roughly 110-165 characters."
"101","59","streaming","Empowering content creators with the iBOLT Stream-Cast Creator kit","https://iboltmounts.com/blogs/news/empowering-content-creators-with-the-ibolt-stream-cast-creator-kit","public","12","15","Garmin","Add FAQ section and FAQ schema for AI-readable Q&A.; Add a concise quick-answer block near the top.; Add comparison/tradeoff language against alternatives.; Add descriptive alt text to all article images.; Tighten meta description to roughly 110-165 characters."
"101","59","warehouse","HOW TO MOUNT A TABLET TO A FORKLIFT PILLAR USING IBOLT","https://iboltmounts.com/blogs/news/how-to-mount-a-tablet-to-a-forklift-pillar-using-ibolt","public","12","19","Garmin","Add FAQ section and FAQ schema for AI-readable Q&A.; Add a concise quick-answer block near the top.; Add comparison/tradeoff language against alternatives.; Add descriptive alt text to all article images.; Tighten meta description to roughly 110-165 characters."
"101","59","amps/modular","HOW TO USE IBOLT’S MODULAR MOUNTING SYSTEM","https://iboltmounts.com/blogs/news/how-to-use-ibolt-s-modular-mounting-system","public","12","19","RAM Mounts; Arkon; ProClip; Tackform; Garmin","Add FAQ section and FAQ schema for AI-readable Q&A.; Add a concise quick-answer block near the top.; Add comparison/tradeoff language against alternatives.; Add descriptive alt text to all article images.; Tighten meta description to roughly 110-165 characters."
"101","59","amps/modular","iBOLT Mounts for Outdoor Recreation","https://iboltmounts.com/blogs/news/ibolt-mounts-for-outdoor-recreation","public","12","42","Garmin","Add FAQ section and FAQ schema for AI-readable Q&A.; Add a concise quick-answer block near the top.; Add comparison/tradeoff language against alternatives.; Add descriptive alt text to all article images.; Tighten meta description to roughly 110-165 characters."
"101","59","restaurant","Top 5 Best Tablet Mounts to get you Organized in your Restaurant","https://iboltmounts.com/blogs/news/top-5-best-tablet-mounts-to-get-you-organized-in-your-restaurant","public","12","9","Garmin","Add FAQ section and FAQ schema for AI-readable Q&A.; Add a concise quick-answer block near the top.; Add comparison/tradeoff language against alternatives.; Add descriptive alt text to all article images.; Tighten meta description to roughly 110-165 characters."
"101","59","fleet","Top 5 Heavy Duty Phone Mounts for Truck Drivers","https://iboltmounts.com/blogs/news/top-5-heavy-duty-phone-mounts-for-truck-drivers","public","12","23","Garmin","Add FAQ section and FAQ schema for AI-readable Q&A.; Add a concise quick-answer block near the top.; Add comparison/tradeoff language against alternatives.; Add descriptive alt text to all article images.; Tighten meta description to roughly 110-165 characters."
"101","59","amps/modular","TOP 5 TABLET WALL MOUNTS","https://iboltmounts.com/blogs/news/top-5-ibolt-tablet-wall-mounts","public","12","18","Garmin","Add FAQ section and FAQ schema for AI-readable Q&A.; Add a concise quick-answer block near the top.; Add comparison/tradeoff language against alternatives.; Add descriptive alt text to all article images.; Tighten meta description to roughly 110-165 characters."
"101","59","fleet","TOP 5 TABLET MOUNTS FOR TRUCK DRIVERS","https://iboltmounts.com/blogs/news/top-5-tablet-mounts-for-truck-drivers","public","12","19","Garmin","Add FAQ section and FAQ schema for AI-readable Q&A.; Add a concise quick-answer block near the top.; Add comparison/tradeoff language against alternatives.; Add descriptive alt text to all article images.; Tighten meta description to roughly 110-165 characters."
"101","59","streaming","USING IBOLT’S STREAM-CAST CREATOR CUSTOM MOUNT KIT FOR MULTIPLE ANGLE SHOTS","https://iboltmounts.com/blogs/news/using-ibolt-s-stream-cast-creator-custom-mount-kit-for-multiple-angle-shots","public","14","18","Garmin","Add FAQ section and FAQ schema for AI-readable Q&A.; Add a concise quick-answer block near the top.; Add comparison/tradeoff language against alternatives.; Add descriptive alt text to all article images.; Tighten meta description to roughly 110-165 characters."
"101","59","streaming","What Do I need for an Overhead Livestream Setup?","https://iboltmounts.com/blogs/news/what-do-i-need-for-an-overhead-livestream-setup","public","12","21","Garmin","Add FAQ section and FAQ schema for AI-readable Q&A.; Add a concise quick-answer block near the top.; Add comparison/tradeoff language against alternatives.; Add descriptive alt text to all article images.; Tighten meta description to roughly 110-165 characters."
