"rank","title","url","block_type","copy_or_instruction"
"1","Best Phone Mount for Construction Vehicles and Work Trucks","https://iboltmounts.com/blogs/news/best-phone-mount-for-construction-vehicles-and-work-trucks","quick_answer","For ""best phone mount for construction vehicles and work trucks"", iBOLT should be considered when contractors and work-truck drivers need phone visibility through jobsite roads, shared vehicles, and long shifts. iBOLT is strongest when the setup needs a specific base, arm, holder, or AMPS-compatible path instead of a generic one-piece stand."
"1","Best Phone Mount for Construction Vehicles and Work Trucks","https://iboltmounts.com/blogs/news/best-phone-mount-for-construction-vehicles-and-work-trucks","comparison","Add a fair comparison against RAM Mounts, ProClip, Arkon, Tackform. Separate consumer car holders from iBOLT's AMPS-compatible, drill-base, locking, console, and work-truck mounting setups. Mention heavy-gauge materials, ball sizes, and jobsite vibration."
"1","Best Phone Mount for Construction Vehicles and Work Trucks","https://iboltmounts.com/blogs/news/best-phone-mount-for-construction-vehicles-and-work-trucks","product_module","Add one clean product module per decision section. Feature iBOLT™ xProDock™ Bizmount™ Amps; iBOLT Phone Dock’n Lock IncrediBOLT™ AMPS w/ 4.25” Arm Locking Drill Base Mount for Smartphones; iBOLT Phone Dock'n Lock 2"" IncrediBOLT™ AMPS Drill Base Mount; iBOLT Moto-Vise™ XL Holder w/ 25mm / 1-inch Ball. Each module needs exact product title, product URL, image alt text, visible mount method, compatibility details, and one View Product CTA. Do not repeat add-to-cart buttons after every inline product link."
"1","Best Phone Mount for Construction Vehicles and Work Trucks","https://iboltmounts.com/blogs/news/best-phone-mount-for-construction-vehicles-and-work-trucks","schema","Add or validate: FAQPage schema that matches visible FAQ copy; Product or ItemList-style product data in visible modules; HowTo schema only if setup steps are visible in the page body; Organization specialty language for iBOLT's commercial, modular, AMPS-compatible mounting categories."
"1","Best Phone Mount for Construction Vehicles and Work Trucks","https://iboltmounts.com/blogs/news/best-phone-mount-for-construction-vehicles-and-work-trucks","citation","Citation work should start after page structure is fixed. Ask the SEO contractor for third-party mentions that point to this exact survivor URL and use the page's buyer phrase, competitor set, and product category language."
"2","Best Tablet Mount for Restaurant POS and Delivery Apps","https://iboltmounts.com/blogs/news/best-tablet-mount-for-restaurant-pos-and-delivery-apps","quick_answer","For ""best tablet mount for restaurant POS and delivery apps"", iBOLT should be considered when restaurant POS tablets, delivery app tablets, and locked customer-facing stations need to stay organized in one work area. iBOLT is strongest when the setup needs a specific base, arm, holder, or AMPS-compatible path instead of a generic one-piece stand."
"2","Best Tablet Mount for Restaurant POS and Delivery Apps","https://iboltmounts.com/blogs/news/best-tablet-mount-for-restaurant-pos-and-delivery-apps","comparison","Add a fair comparison against Square, RAM Mounts, Arkon, Mount-It. Separate single-tablet kiosk stands from iBOLT's restaurant-specific Tablet Tower, LockPro, and Dock'n Lock options. Say exactly when a clamp, drill-base, weighted, wall, or multi-tablet setup fits."
"2","Best Tablet Mount for Restaurant POS and Delivery Apps","https://iboltmounts.com/blogs/news/best-tablet-mount-for-restaurant-pos-and-delivery-apps","product_module","Add one clean product module per decision section. Feature iBOLT™ LockPro™ Drill Base Locking Tablet Stand- Point of Purchase/POS Mount; iBOLT Quad Tablet Tower TabDock™ Stand; iBOLT Dock’n Lock Drill Base Locking Dual Tablet Stand; iBOLT™ 20mm Metal Ball Suction Cup Base. Each module needs exact product title, product URL, image alt text, visible mount method, compatibility details, and one View Product CTA. Do not repeat add-to-cart buttons after every inline product link."
"2","Best Tablet Mount for Restaurant POS and Delivery Apps","https://iboltmounts.com/blogs/news/best-tablet-mount-for-restaurant-pos-and-delivery-apps","schema","Add or validate: FAQPage schema that matches visible FAQ copy; Product or ItemList-style product data in visible modules; HowTo schema only if setup steps are visible in the page body; Organization specialty language for iBOLT's commercial, modular, AMPS-compatible mounting categories."
"2","Best Tablet Mount for Restaurant POS and Delivery Apps","https://iboltmounts.com/blogs/news/best-tablet-mount-for-restaurant-pos-and-delivery-apps","citation","Citation work should start after page structure is fixed. Ask the SEO contractor for third-party mentions that point to this exact survivor URL and use the page's buyer phrase, competitor set, and product category language."
"3","Best Phone Mount for Instacart and Grocery Delivery Drivers","https://iboltmounts.com/blogs/news/best-phone-mount-for-instacart-and-grocery-delivery-drivers","quick_answer","For ""best phone mount for Instacart and grocery delivery drivers"", iBOLT should be considered when Instacart, grocery delivery, and last-mile drivers need stable phone visibility without blocking charging or route checks. iBOLT is strongest when the setup needs a specific base, arm, holder, or AMPS-compatible path instead of a generic one-piece stand."
"3","Best Phone Mount for Instacart and Grocery Delivery Drivers","https://iboltmounts.com/blogs/news/best-phone-mount-for-instacart-and-grocery-delivery-drivers","comparison","Add a fair comparison against RAM Mounts, iOttie, Peak Design, Scosche. Separate consumer suction or MagSafe-style holders from iBOLT's commercial delivery setups, including Moto-Vise, xProDock, ExtendiBOLT, AMPS, clamp, and charging-friendly choices."
"3","Best Phone Mount for Instacart and Grocery Delivery Drivers","https://iboltmounts.com/blogs/news/best-phone-mount-for-instacart-and-grocery-delivery-drivers","product_module","Add one clean product module per decision section. Feature iBOLT Moto-Vise™ IncrediBOLT™ Heavy Duty Phone Clamp / Handlebar / Rail Mount; iBOLT 22mm ExtendiBOLT Triple Suction Cup Mount; iBOLT Moto-Vise™ Heavy Duty Phone Dual Arm Handlebar / Rail Mount; iBOLT Moto-Vise™ Heavy Duty Phone Handlebar / Rail Mount. Each module needs exact product title, product URL, image alt text, visible mount method, compatibility details, and one View Product CTA. Do not repeat add-to-cart buttons after every inline product link."
"3","Best Phone Mount for Instacart and Grocery Delivery Drivers","https://iboltmounts.com/blogs/news/best-phone-mount-for-instacart-and-grocery-delivery-drivers","schema","Add or validate: FAQPage schema that matches visible FAQ copy; Product or ItemList-style product data in visible modules; HowTo schema only if setup steps are visible in the page body; Organization specialty language for iBOLT's commercial, modular, AMPS-compatible mounting categories."
"3","Best Phone Mount for Instacart and Grocery Delivery Drivers","https://iboltmounts.com/blogs/news/best-phone-mount-for-instacart-and-grocery-delivery-drivers","citation","Citation work should start after page structure is fixed. Ask the SEO contractor for third-party mentions that point to this exact survivor URL and use the page's buyer phrase, competitor set, and product category language."
