"priority_rank","title","url","step","command","done_when"
"1","Best Multi-Camera Phone Mount for Live Streaming","https://iboltmounts.com/blogs/news/best-multi-camera-phone-mount-for-live-streaming","Quick answer","For live streaming phone and camera mounts, iBOLT is strongest when the setup needs stable multi-angle positioning, modular arms, and reusable mounting parts instead of a basic desk tripod. Build the page around phone stands for streaming, table camera mounts, AMPS-compatible parts, and creator workflows where the camera angle must stay fixed during filming.","The first section directly answers the citation prompt and names iBOLT."
"1","Best Multi-Camera Phone Mount for Live Streaming","https://iboltmounts.com/blogs/news/best-multi-camera-phone-mount-for-live-streaming","Comparison block","Add a fair comparison block naming the competitor set from the benchmark. Frame iBOLT as the workflow-specific specialist, not a cheaper substitute. Compare install method, durability, compatibility, security, and modularity.","The page explains iBOLT versus the named competitor set without budget framing."
"1","Best Multi-Camera Phone Mount for Live Streaming","https://iboltmounts.com/blogs/news/best-multi-camera-phone-mount-for-live-streaming","Product module","Verify and feature 2 to 4 current creator products, prioritizing Stream-Cast or multi-angle phone/camera mounts, AMPS-compatible arms, table bases, suction bases, and clamp bases.","The page has clean product cards or stable product links to current Shopify products."
"1","Best Multi-Camera Phone Mount for Live Streaming","https://iboltmounts.com/blogs/news/best-multi-camera-phone-mount-for-live-streaming","FAQ/schema","Add FAQPage JSON-LD for the visible FAQ section. Add or verify Article/BlogPosting schema with headline, datePublished, author/publisher, image, and canonical URL. Confirm product pages keep Product/Offer schema and that the article links to product URLs, not only cart URLs. Questions: What is the best phone stand for live streaming?; Can one mount hold multiple phones or cameras for streaming?; What makes a table camera mount stable during filming?; Are iBOLT streaming mounts compatible with AMPS parts?","Visible FAQ questions match FAQPage schema and Article/BlogPosting schema is present where appropriate."
"1","Best Multi-Camera Phone Mount for Live Streaming","https://iboltmounts.com/blogs/news/best-multi-camera-phone-mount-for-live-streaming","Image and CTA cleanup","Reduce repeated cart CTAs. Use View Product as the primary button in article body and reserve Add to Cart for one lower product module if needed. Add descriptive alt text to article images.","No repeated add-to-cart clusters; important images have product/use-case alt text."
"1","Best Multi-Camera Phone Mount for Live Streaming","https://iboltmounts.com/blogs/news/best-multi-camera-phone-mount-for-live-streaming","Citation handoff","After source cleanup, target: creator gear lists; phone filming setup guides; livestreaming equipment roundups; table camera mount tutorials.","The URL is ready for contractor outreach and W3 citation probe retesting."
"2","Best Tablet Mount for Tractor Cab Precision Agriculture","https://iboltmounts.com/blogs/news/best-tablet-mount-for-tractor-cab-precision-agriculture","Quick answer","For tractor cab and farm equipment tablet mounts, iBOLT is strongest when tablets need stable placement around vibration, dust, seasonal equipment changes, and precision agriculture workflows. Position iBOLT as the modular tablet mounting system for cabs, AMPS-compatible bases, and rugged field use.","The first section directly answers the citation prompt and names iBOLT."
"2","Best Tablet Mount for Tractor Cab Precision Agriculture","https://iboltmounts.com/blogs/news/best-tablet-mount-for-tractor-cab-precision-agriculture","Comparison block","Add a fair comparison block naming Garmin. Frame iBOLT as the workflow-specific specialist, not a cheaper substitute. Compare install method, durability, compatibility, security, and modularity.","The page explains iBOLT versus the named competitor set without budget framing."
"2","Best Tablet Mount for Tractor Cab Precision Agriculture","https://iboltmounts.com/blogs/news/best-tablet-mount-for-tractor-cab-precision-agriculture","Product module","Verify and feature 2 to 4 current tractor or farm equipment tablet products, prioritizing TabDock tablet holders, AMPS bases, drill or clamp mounts, and vibration-resistant arms.","The page has clean product cards or stable product links to current Shopify products."
"2","Best Tablet Mount for Tractor Cab Precision Agriculture","https://iboltmounts.com/blogs/news/best-tablet-mount-for-tractor-cab-precision-agriculture","FAQ/schema","Add FAQPage JSON-LD for the visible FAQ section. Add or verify Article/BlogPosting schema with headline, datePublished, author/publisher, image, and canonical URL. Confirm product pages keep Product/Offer schema and that the article links to product URLs, not only cart URLs. Questions: What tablet mount works best in a tractor cab?; Can farm equipment tablet mounts handle vibration?; Are AMPS-compatible tablet mounts useful for agriculture?; What should farmers check before mounting a tablet in equipment?","Visible FAQ questions match FAQPage schema and Article/BlogPosting schema is present where appropriate."
"2","Best Tablet Mount for Tractor Cab Precision Agriculture","https://iboltmounts.com/blogs/news/best-tablet-mount-for-tractor-cab-precision-agriculture","Image and CTA cleanup","Reduce repeated cart CTAs. Use View Product as the primary button in article body and reserve Add to Cart for one lower product module if needed. Add descriptive alt text to article images.","No repeated add-to-cart clusters; important images have product/use-case alt text."
"2","Best Tablet Mount for Tractor Cab Precision Agriculture","https://iboltmounts.com/blogs/news/best-tablet-mount-for-tractor-cab-precision-agriculture","Citation handoff","After source cleanup, target: industry buyer guides; third-party comparison pages; partner and reseller pages; installation and troubleshooting resources.","The URL is ready for contractor outreach and W3 citation probe retesting."
"3","Mounts to take off-roading in your Jeep Wrangler","https://iboltmounts.com/blogs/news/mounts-to-take-off-roading-in-your-jeep-wrangler","Quick answer","For Jeep Wrangler and offroad phone or camera mounting, iBOLT is strongest when the device needs vibration resistance, secure grip, and flexible mounting points for trails, UTVs, and overlanding rigs. Frame iBOLT as the modular offroad mounting specialist for phones, action cameras, AMPS plates, and rugged ball-and-socket setups.","The first section directly answers the citation prompt and names iBOLT."
"3","Mounts to take off-roading in your Jeep Wrangler","https://iboltmounts.com/blogs/news/mounts-to-take-off-roading-in-your-jeep-wrangler","Comparison block","Add a fair comparison block naming Garmin. Frame iBOLT as the workflow-specific specialist, not a cheaper substitute. Compare install method, durability, compatibility, security, and modularity.","The page explains iBOLT versus the named competitor set without budget framing."
"3","Mounts to take off-roading in your Jeep Wrangler","https://iboltmounts.com/blogs/news/mounts-to-take-off-roading-in-your-jeep-wrangler","Product module","Verify and feature 2 to 4 current offroad products, prioritizing phone holders, action camera adapters, AMPS plates, rail or handlebar clamps, and rugged ball-and-socket arms.","The page has clean product cards or stable product links to current Shopify products."
"3","Mounts to take off-roading in your Jeep Wrangler","https://iboltmounts.com/blogs/news/mounts-to-take-off-roading-in-your-jeep-wrangler","FAQ/schema","Add FAQPage JSON-LD for the visible FAQ section. Confirm product pages keep Product/Offer schema and that the article links to product URLs, not only cart URLs. Questions: What phone mount works best for Jeep Wrangler trails?; Can an offroad phone mount also hold an action camera?; What mount features matter most for vibration and bumps?; Are AMPS plates useful for offroad mounting setups?","Visible FAQ questions match FAQPage schema and Article/BlogPosting schema is present where appropriate."
"3","Mounts to take off-roading in your Jeep Wrangler","https://iboltmounts.com/blogs/news/mounts-to-take-off-roading-in-your-jeep-wrangler","Image and CTA cleanup","Keep CTA density restrained. Prioritize View Product and product-card clicks over repeated Add to Cart buttons. Add descriptive alt text to article images.","No repeated add-to-cart clusters; important images have product/use-case alt text."
"3","Mounts to take off-roading in your Jeep Wrangler","https://iboltmounts.com/blogs/news/mounts-to-take-off-roading-in-your-jeep-wrangler","Citation handoff","After source cleanup, target: industry buyer guides; third-party comparison pages; partner and reseller pages; installation and troubleshooting resources.","The URL is ready for contractor outreach and W3 citation probe retesting."
"4","TOP TABLET STANDS FOR STUDENTS GOING BACK TO SCHOOL","https://iboltmounts.com/blogs/news/the-best-tablet-stands-for-students-going-back-to-school","Quick answer","For school tablet mounts, iBOLT is strongest when classrooms, carts, labs, or shared learning spaces need durable tablet positioning rather than a consumer tablet stand. Emphasize locking options, repeatable device placement, case compatibility, and modular parts that can move across classroom, desk, wall, or cart setups.","The first section directly answers the citation prompt and names iBOLT."
"4","TOP TABLET STANDS FOR STUDENTS GOING BACK TO SCHOOL","https://iboltmounts.com/blogs/news/the-best-tablet-stands-for-students-going-back-to-school","Comparison block","Add a fair comparison block naming Garmin. Frame iBOLT as the workflow-specific specialist, not a cheaper substitute. Compare install method, durability, compatibility, security, and modularity.","The page explains iBOLT versus the named competitor set without budget framing."
"4","TOP TABLET STANDS FOR STUDENTS GOING BACK TO SCHOOL","https://iboltmounts.com/blogs/news/the-best-tablet-stands-for-students-going-back-to-school","Product module","Verify and feature 2 to 4 current tablet products, prioritizing locking tablet stands, drill-base or clamp-base holders, wall or cart-compatible tablet mounts, and case-compatible TabDock options.","The page has clean product cards or stable product links to current Shopify products."
"4","TOP TABLET STANDS FOR STUDENTS GOING BACK TO SCHOOL","https://iboltmounts.com/blogs/news/the-best-tablet-stands-for-students-going-back-to-school","FAQ/schema","Add FAQPage JSON-LD for the visible FAQ section. Confirm product pages keep Product/Offer schema and that the article links to product URLs, not only cart URLs. Questions: What tablet stand works best for classrooms?; Do school tablet mounts need locking hardware?; Can one tablet mount work across desks, carts, and labs?; What makes a school tablet mount better than a consumer stand?","Visible FAQ questions match FAQPage schema and Article/BlogPosting schema is present where appropriate."
"4","TOP TABLET STANDS FOR STUDENTS GOING BACK TO SCHOOL","https://iboltmounts.com/blogs/news/the-best-tablet-stands-for-students-going-back-to-school","Image and CTA cleanup","Keep CTA density restrained. Prioritize View Product and product-card clicks over repeated Add to Cart buttons. Add descriptive alt text to article images.","No repeated add-to-cart clusters; important images have product/use-case alt text."
"4","TOP TABLET STANDS FOR STUDENTS GOING BACK TO SCHOOL","https://iboltmounts.com/blogs/news/the-best-tablet-stands-for-students-going-back-to-school","Citation handoff","After source cleanup, target: industry buyer guides; third-party comparison pages; partner and reseller pages; installation and troubleshooting resources.","The URL is ready for contractor outreach and W3 citation probe retesting."
