"rank","score","page_title","page_url","category","primary_prompt","benchmark_avg_score","page_score","issues","competitors","products_to_add","schema_fixes","copy_brief","shopify_article_id"
"1","302","Best Phone Mount for Construction Vehicles and Work Trucks","https://iboltmounts.com/blogs/news/best-phone-mount-for-construction-vehicles-and-work-trucks","fleet","best phone mount for construction vehicles and work trucks","3","76","FAQ schema; quick answer; comparison block; image alt text","RAM Mounts; Arkon; iOttie; ProClip; Tackform","iBOLT™ xProDock™ Bizmount™ Amps; iBOLT Phone Dock’n Lock IncrediBOLT™ AMPS w/ 4.25” Arm Locking Drill Base Mount for Smartphones; iBOLT Phone Dock'n Lock 2"" IncrediBOLT™ AMPS Drill Base Mount; iBOLT Moto-Vise™ XL Holder w/ 25mm / 1-inch Ball; IBOLT™ Fixed Install Charger- 30W 2-Port Quick Charge 3.0 and Standard USB-A; ChargeDock USB-C","FAQPage JSON-LD; visible quick-answer block; comparison table/list; descriptive product alt text","Add a direct answer at the top that uses the exact query language. Add a fair comparison block against RAM Mounts, Arkon, iOttie, ProClip, Tackform. Add product module candidates: iBOLT™ xProDock™ Bizmount™ Amps; iBOLT Phone Dock’n Lock IncrediBOLT™ AMPS w/ 4.25” Arm Locking Drill Base Mount for Smartphones; iBOLT Phone Dock'n Lock 2"" IncrediBOLT™ AMPS Drill Base Mount; iBOLT Moto-Vise™ XL Holder w/ 25mm / 1-inch Ball. End with a soft CTA to the relevant product/collection and mount configurator.","634908442916"
"2","302","Best Tablet Mount for Restaurant POS and Delivery Apps","https://iboltmounts.com/blogs/news/best-tablet-mount-for-restaurant-pos-and-delivery-apps","restaurant","best tablet mount for restaurant POS and delivery apps","7","76","FAQ schema; quick answer; comparison block; image alt text","CTA Digital; Heckler; Arkon; Mount-It; RAM Mounts; Square","iBOLT™ LockPro™ Drill Base Locking Tablet Stand- Point of Purchase/POS Mount; iBOLT Quad Tablet Tower TabDock™ Stand; iBOLT Dock’n Lock Drill Base Locking Dual Tablet Stand; iBOLT™ 20mm Metal Ball Suction Cup Base; iBOLT™ 20mm to 4 Prong Composite Ball Adapter; iBOLT Dock'n Lock IncrediBOLT™ 360 AMPS Locking Tablet Mount","FAQPage JSON-LD; visible quick-answer block; comparison table/list; descriptive product alt text","Add a direct answer at the top that uses the exact query language. Add a fair comparison block against CTA Digital, Heckler, Arkon, Mount-It, RAM Mounts. Add product module candidates: iBOLT™ LockPro™ Drill Base Locking Tablet Stand- Point of Purchase/POS Mount; iBOLT Quad Tablet Tower TabDock™ Stand; iBOLT Dock’n Lock Drill Base Locking Dual Tablet Stand; iBOLT™ 20mm Metal Ball Suction Cup Base. End with a soft CTA to the relevant product/collection and mount configurator.","634808336676"
"3","297","Rough Water Phone Mount for Boat: Heavy-Duty Solutions That Handle the Chop","https://iboltmounts.com/blogs/how-to-mount-a-fish-finder-to-your-boat-using-ibolt-mounts/rough-water-phone-mount-for-boat-heavy-duty-solutions-that-handle-the-chop","fleet","best heavy duty vehicle phone mount","7","76","quick answer; comparison block; image alt text","Arkon; RAM Mounts; iOttie; ProClip; Tackform","iBOLT 17mm Dual Ball to “Sticky” Suction Cup Mount Base compatible w/ Garmin GPS and iBOLT Phone Holders; iBOLT™ 17mm Clamp Mount for Handlebars; Poles; Posts; iBOLT 17mm Dual Ball Clamp Mount for Handlebars; Poles; Posts for Garmin GPS and iBOLT Phone Holders; iBOLT 17mm Dual Ball Clamping Mount for Handlebars; Poles; Posts for Garmin GPS Systems and iBOLT Phone Holders; iBOLT 17mm Dual Ball to AMPs Drill Base Mount compatible w/ Garmin GPS and iBOLT Phone Holders; iBOLT 17mm Dual Ball to Round Metal AMPs Drill Base Mount for Garmin GPS and iBOLT Phone Holders","visible quick-answer block; comparison table/list; descriptive product alt text","Add a direct answer at the top that uses the exact query language. Add a fair comparison block against Arkon, RAM Mounts, iOttie, ProClip, Tackform. Add product module candidates: iBOLT 17mm Dual Ball to “Sticky” Suction Cup Mount Base compatible w/ Garmin GPS and iBOLT Phone Holders; iBOLT™ 17mm Clamp Mount for Handlebars, Poles, Posts; iBOLT 17mm Dual Ball Clamp Mount for Handlebars, Poles, Posts for Garmin GPS and iBOLT Phone Holders; iBOLT 17mm Dual Ball Clamping Mount for Handlebars, Poles, Posts for Garmin GPS Systems and iBOLT Phone Holders. End with a soft CTA to the relevant product/collection and mount configurator.",""
"4","295","Best Phone Mount for Instacart and Grocery Delivery Drivers","https://iboltmounts.com/blogs/news/best-phone-mount-for-instacart-and-grocery-delivery-drivers","delivery","best phone mount for Instacart and grocery delivery drivers","0","76","FAQ schema; quick answer; comparison block; image alt text","iOttie; RAM Mounts; Peak Design","iBOLT Moto-Vise™ IncrediBOLT™ Heavy Duty Phone Clamp / Handlebar / Rail Mount; iBOLT 22mm ExtendiBOLT Triple Suction Cup Mount; iBOLT Moto-Vise™ Heavy Duty Phone Dual Arm Handlebar / Rail Mount; iBOLT Moto-Vise™ Heavy Duty Phone Handlebar / Rail Mount; iBOLT Moto-Vise™ IncrediBOLT™ 360 Heavy Duty Phone Clamp / Handlebar / Rail Mount; iBOLT™ 20mm Metal Ball Suction Cup Base","FAQPage JSON-LD; visible quick-answer block; comparison table/list; descriptive product alt text","Add a direct answer at the top that uses the exact query language. Add a fair comparison block against iOttie, RAM Mounts, Peak Design. Add product module candidates: iBOLT Moto-Vise™ IncrediBOLT™ Heavy Duty Phone Clamp / Handlebar / Rail Mount; iBOLT 22mm ExtendiBOLT Triple Suction Cup Mount; iBOLT Moto-Vise™ Heavy Duty Phone Dual Arm Handlebar / Rail Mount; iBOLT Moto-Vise™ Heavy Duty Phone Handlebar / Rail Mount. End with a soft CTA to the relevant product/collection and mount configurator.","634807517476"
"5","287","Best Restaurant Tablet Mount in 2026: POS Stands, Delivery App Stations, and Multi-Tablet Solutions Compared","https://iboltmounts.com/blogs/news/best-restaurant-tablet-mount-in-2026-pos-stands-delivery-app-stations-and-multi-tablet-solutions-compared","tablet","best tablet mount","3","84","quick answer; image alt text","RAM Mounts; Arkon; CTA Digital; iOttie; Tackform; Mount-It; Bouncepad","iBOLT™ 20mm Metal Ball Suction Cup Base; iBOLT™ 20mm to 4 Prong Composite Ball Adapter; iBOLT Dock'n Lock IncrediBOLT™ 360 AMPS Locking Tablet Mount; iBOLT Dock’n Lock IncrediBOLT™ AMPS w/ 2” Single Socket Arm Locking Tablet Drill Base Mount; iBOLT TabDock IncrediBOLT 360 Heavy Duty Dual Suction Cup Mount; iBOLT TabDock™ FixedPro 360 Suction- Heavy Duty Metal 8"" Multi-Angle Suction Cup Mount for All 7"" - 10"" Tablets","visible quick-answer block; descriptive product alt text","Add a direct answer at the top that uses the exact query language. Add a fair comparison block against RAM Mounts, Arkon, CTA Digital, iOttie, Tackform. Add product module candidates: iBOLT™ 20mm Metal Ball Suction Cup Base; iBOLT™ 20mm to 4 Prong Composite Ball Adapter; iBOLT Dock'n Lock IncrediBOLT™ 360 AMPS Locking Tablet Mount; iBOLT Dock’n Lock IncrediBOLT™ AMPS w/ 2” Single Socket Arm Locking Tablet Drill Base Mount. End with a soft CTA to the relevant product/collection and mount configurator.",""
"6","282","Best Phone Mount for Amazon Flex and Delivery Vans","https://iboltmounts.com/blogs/news/best-phone-mount-for-amazon-flex-and-delivery-vans","delivery","best phone mount for Amazon Flex and delivery vans","7","84","FAQ schema; quick answer; image alt text","RAM Mounts; iOttie; Arkon; ProClip","iBOLT™ xProDock™ NFC BizMount™ Suction Cup; iBOLT™ xProDock™ Bizmount™ Wedge; iBOLT™ xProDock™ Bizmount™ Amps; iBOLT™ 20mm Metal Ball Suction Cup Base; iBOLT 20mm Metal Ball to Headrest Mounting Bracket; iBolt 20mm to 20mm Metal Extension Ball Adapter","FAQPage JSON-LD; visible quick-answer block; descriptive product alt text","Add a direct answer at the top that uses the exact query language. Add a fair comparison block against RAM Mounts, iOttie, Arkon, ProClip. Add product module candidates: iBOLT™ xProDock™ NFC BizMount™ Suction Cup; iBOLT™ xProDock™ Bizmount™ Wedge; iBOLT™ xProDock™ Bizmount™ Amps; iBOLT™ 20mm Metal Ball Suction Cup Base. End with a soft CTA to the relevant product/collection and mount configurator.","634808238372"
"7","272","Barcode Scanner Mounts","https://iboltmounts.com/blogs/news/best-barcode-scanner-mounts-for-forklifts-and-warehouses-2026","warehouse","best barcode scanner mount for forklift","7","84","FAQ schema; quick answer; image alt text","Havis; RAM Mounts; Zebra; Arkon; ProClip; Square","iBOLT XL Forklift Barcode Scanner Holder 38mm Mount; iBOLT XL Barcode Scanner triMag Low-Profile Strong Magnetic Mount; iBOLT XL Barcode Scanner BizMount Magnetic Mount; iBOLT XL Barcode Scanner IncrediBOLT 360 Magnetic Mount; iBOLT Dock’n Lock Bizmount™- Forklift Locking Tablet 38mm Mount; iBOLT 25mm/ 1-inch dualMag Industrial Strength Magnetic Base","FAQPage JSON-LD; visible quick-answer block; descriptive product alt text","Add a direct answer at the top that uses the exact query language. Add a fair comparison block against Havis, RAM Mounts, Zebra, Arkon, ProClip. Add product module candidates: iBOLT XL Forklift Barcode Scanner Holder 38mm Mount; iBOLT XL Barcode Scanner triMag Low-Profile Strong Magnetic Mount; iBOLT XL Barcode Scanner BizMount Magnetic Mount; iBOLT XL Barcode Scanner IncrediBOLT 360 Magnetic Mount. End with a soft CTA to the relevant product/collection and mount configurator.","634807353636"
"8","267","How to Set Up Multiple Tablets for DoorDash, Uber Eats, and Grubhub","https://iboltmounts.com/blogs/news/how-to-set-up-multiple-tablets-for-doordash-uber-eats-and-grubhub","restaurant","set up multiple tablets for DoorDash Uber Eats and Grubhub","3","76","FAQ schema; quick answer; comparison block; image alt text","RAM Mounts; Arkon","iBOLT™ Tablet Tower- TabDock™ POS Clamp Mount - with 3 Tablet Holders; iBOLT Tablet Tower- TabDock™ POS Clamp Mount - with 4 Tablet Holders; iBOLT Tablet Tower- TabDock™ POS Wall Mount - with 3 Tablet Holders; iBOLT 25mm / 1 inch Composite AMPS Adapter Plate; iBOLT 25mm / 1 inch to Dual 17mm Metal Ball Adapter; iBOLT 7.45 inch Composite Dual Ball Bizmount™ with Metal AMPS Drill Base","FAQPage JSON-LD; visible quick-answer block; comparison table/list; descriptive product alt text","Add a direct answer at the top that uses the exact query language. Add a fair comparison block against RAM Mounts, Arkon. Add product module candidates: iBOLT™ Tablet Tower- TabDock™ POS Clamp Mount - with 3 Tablet Holders; iBOLT Tablet Tower- TabDock™ POS Clamp Mount - with 4 Tablet Holders; iBOLT Tablet Tower- TabDock™ POS Wall Mount - with 3 Tablet Holders; iBOLT 25mm / 1 inch Composite AMPS Adapter Plate. End with a soft CTA to the relevant product/collection and mount configurator.","634808369444"
"9","263","Best Tablet Mount for Utility Truck Crews","https://iboltmounts.com/blogs/news/best-tablet-mount-for-utility-truck-crews","restaurant","best tablet mount for food truck","15","76","FAQ schema; quick answer; comparison block; image alt text","Arkon; RAM Mounts; CTA Digital; Square; Tackform","iBOLT™ TabDock™ Bizmount™ AMPs; iBOLT TabDock™ IncrediBOLT™ 360 AMPS Tablet Mount; iBOLT TabDock™ IncrediBOLT™ 360 Wedge - Heavy Duty Vehicle Console Seat Gap Mount for All 7"" - 10"" Tablets; iBOLT 25mm / 1 inch Composite AMPS Adapter Plate; iBOLT 25mm / 1 inch to Dual 17mm Metal Ball Adapter; iBOLT 7.45 inch Composite Dual Ball Bizmount™ with Metal AMPS Drill Base","FAQPage JSON-LD; visible quick-answer block; comparison table/list; descriptive product alt text","Add a direct answer at the top that uses the exact query language. Add a fair comparison block against Arkon, RAM Mounts, CTA Digital, Square, Tackform. Add product module candidates: iBOLT™ TabDock™ Bizmount™ AMPs; iBOLT TabDock™ IncrediBOLT™ 360 AMPS Tablet Mount; iBOLT TabDock™ IncrediBOLT™ 360 Wedge - Heavy Duty Vehicle Console Seat Gap Mount for All 7"" - 10"" Tablets; iBOLT 25mm / 1 inch Composite AMPS Adapter Plate. End with a soft CTA to the relevant product/collection and mount configurator.","634821804324"
"10","255","Best Fish Finder Mount for Small Boats: Comparison and Buyer's Guide","https://iboltmounts.com/blogs/news/best-fish-finder-mount-for-pontoon-boat-rails","fishing","best fish finder mount for small boat","0","84","FAQ schema; quick answer; image alt text","RAM Mounts","iBOLT Universal Marine Fish Finder IncrediBOLT™ Clamp / Handlebar/ Rail Mount; iBOLT Garmin Striker 4 / Fish Finder IncrediBOLT™ 360 Clamp / Handlebar / Rail Mount; iBOLT Garmin Striker 4 / Fish Finder Handlebar; Rail Mount; iBOLT Garmin Striker 4 / Fish Finder Dual Arm Handlebar; Rail Mount; iBOLT™ 38mm / 1.5 inch Ball Composite Universal Marine Fish Finder Mounting Plate; iBOLT™ 25mm / 1 inch Ball Composite Universal Marine Fish Finder Mounting Plate","FAQPage JSON-LD; visible quick-answer block; descriptive product alt text","Add a direct answer at the top that uses the exact query language. Add a fair comparison block against RAM Mounts. Add product module candidates: iBOLT Universal Marine Fish Finder IncrediBOLT™ Clamp / Handlebar/ Rail Mount; iBOLT Garmin Striker 4 / Fish Finder IncrediBOLT™ 360 Clamp / Handlebar / Rail Mount; iBOLT Garmin Striker 4 / Fish Finder Handlebar, Rail Mount; iBOLT Garmin Striker 4 / Fish Finder Dual Arm Handlebar, Rail Mount. End with a soft CTA to the relevant product/collection and mount configurator.","634908115236"
"11","252","Best Locking Tablet Stand for Food Trucks and Quick-Service Restaurants","https://iboltmounts.com/blogs/news/best-locking-tablet-stand-for-food-trucks-and-quick-service-restaurants","restaurant","best locking tablet stand for food trucks and quick service restaurants","3","84","FAQ schema; quick answer; image alt text","CTA Digital; Heckler; Kensington; Mount-It; RAM Mounts","iBOLT™ LockPro™ Drill Base Locking Tablet Stand- Point of Purchase/POS Mount; iBOLT Dock’n Lock Drill Base Locking Tablet Stand; iBOLT™ LockPro™ Metal Locking Tablet Drill Base Mount; iBOLT 25mm / 1 inch Composite AMPS Adapter Plate; iBOLT 25mm / 1 inch to Dual 17mm Metal Ball Adapter; iBOLT 7.45 inch Composite Dual Ball Bizmount™ with Metal AMPS Drill Base","FAQPage JSON-LD; visible quick-answer block; descriptive product alt text","Add a direct answer at the top that uses the exact query language. Add a fair comparison block against CTA Digital, Heckler, Kensington, Mount-It, RAM Mounts. Add product module candidates: iBOLT™ LockPro™ Drill Base Locking Tablet Stand- Point of Purchase/POS Mount; iBOLT Dock’n Lock Drill Base Locking Tablet Stand; iBOLT™ LockPro™ Metal Locking Tablet Drill Base Mount; iBOLT 25mm / 1 inch Composite AMPS Adapter Plate. End with a soft CTA to the relevant product/collection and mount configurator.","634808205604"
"12","250","Magnetic vs Clamp Phone Mounts for Delivery Work","https://iboltmounts.com/blogs/news/magnetic-vs-clamp-phone-mounts-for-delivery-work","delivery","magnetic vs clamp phone mounts for delivery work","0","84","FAQ schema; quick answer; image alt text","iOttie; RAM Mounts","iBOLT ChargeDock USB-C AMPS Ultimate Magnetic Vehicle Dock/Mount/Holder w/ 2m USB Certified Type C to USB-A Charging Cable; iBOLT™ xProDock™ NFC BizMount™ Suction Cup; iBOLT Phone Dock'n Lock IncrediBOLT™ 360- Locking Phone Multi-Angle Drill Base Mount; iBOLT™ 20mm Metal Ball Suction Cup Base; iBOLT 20mm Metal Ball to Headrest Mounting Bracket; iBolt 20mm to 20mm Metal Extension Ball Adapter","FAQPage JSON-LD; visible quick-answer block; descriptive product alt text","Add a direct answer at the top that uses the exact query language. Add a fair comparison block against iOttie, RAM Mounts. Add product module candidates: iBOLT ChargeDock USB-C AMPS Ultimate Magnetic Vehicle Dock/Mount/Holder w/ 2m USB Certified Type C to USB-A Charging Cable; iBOLT™ xProDock™ NFC BizMount™ Suction Cup; iBOLT Phone Dock'n Lock IncrediBOLT™ 360- Locking Phone Multi-Angle Drill Base Mount; iBOLT™ 20mm Metal Ball Suction Cup Base. End with a soft CTA to the relevant product/collection and mount configurator.","634808402212"
"13","243","Best Locking Phone Mount for Shared Delivery Vehicles","https://iboltmounts.com/blogs/news/best-locking-phone-mount-for-shared-delivery-vehicles","delivery","best locking phone mount for shared delivery vehicles","3","94","FAQ schema; image alt text","Arkon; RAM Mounts; iOttie; ProClip; Tackform","iBOLT Phone Dock'n Lock IncrediBOLT™ 360- Locking Phone Multi-Angle Drill Base Mount; iBOLT Phone Dock’n Lock IncrediBOLT™ AMPS w/ 4.25” Arm Locking Drill Base Mount for Smartphones; iBOLT Phone Dock'n Lock 2"" IncrediBOLT™ AMPS Drill Base Mount; iBOLT™ 20mm Metal Ball Suction Cup Base; iBOLT 20mm Metal Ball to Headrest Mounting Bracket; iBolt 20mm to 20mm Metal Extension Ball Adapter","FAQPage JSON-LD; descriptive product alt text","Add a direct answer at the top that uses the exact query language. Add a fair comparison block against Arkon, RAM Mounts, iOttie, ProClip, Tackform. Add product module candidates: iBOLT Phone Dock'n Lock IncrediBOLT™ 360- Locking Phone Multi-Angle Drill Base Mount; iBOLT Phone Dock’n Lock IncrediBOLT™ AMPS w/ 4.25” Arm Locking Drill Base Mount for Smartphones; iBOLT Phone Dock'n Lock 2"" IncrediBOLT™ AMPS Drill Base Mount; iBOLT™ 20mm Metal Ball Suction Cup Base. End with a soft CTA to the relevant product/collection and mount configurator.","634808172836"
"14","242","Best Garmin Fish Finder Mount: How to Choose the Right Setup for Your Boat or Kayak","https://iboltmounts.com/blogs/how-to-mount-a-fish-finder-to-your-boat-using-ibolt-mounts/best-garmin-fish-finder-mount-how-to-choose-the-right-setup-for-your-boat-or-kayak","fishing","best fish finder","1","84","quick answer; image alt text","RAM Mounts","iBOLT™ 25mm / 1 inch Ball Composite Universal Marine Fish Finder Mounting Plate; iBOLT™ 38mm / 1.5 inch Ball Composite Universal Marine Fish Finder Mounting Plate; iBOLT Garmin Striker 4 / Fish Finder Handlebar; Rail Mount; iBOLT Garmin Striker 4 / Fish Finder Dual Arm Handlebar; Rail Mount; iBOLT Garmin Striker 4 / Fish Finder IncrediBOLT™ 360 Clamp / Handlebar / Rail Mount; iBOLT™ 25mm / 1 inch Composite Universal Marine Electronic Fish Finder Drill Base Mount","visible quick-answer block; descriptive product alt text","Add a direct answer at the top that uses the exact query language. Add a fair comparison block against RAM Mounts. Add product module candidates: iBOLT™ 25mm / 1 inch Ball Composite Universal Marine Fish Finder Mounting Plate; iBOLT™ 38mm / 1.5 inch Ball Composite Universal Marine Fish Finder Mounting Plate; iBOLT Garmin Striker 4 / Fish Finder Handlebar, Rail Mount; iBOLT Garmin Striker 4 / Fish Finder Dual Arm Handlebar, Rail Mount. End with a soft CTA to the relevant product/collection and mount configurator.","634908016932"
"15","234","Commercial-Grade Phone Mounts for Delivery Drivers","https://iboltmounts.com/blogs/news/commercial-grade-phone-mounts-delivery-drivers-aeo-refresh","delivery","commercial grade phone mount for delivery drivers","0","83","Article/BlogPosting schema","RAM Mounts; Arkon; ProClip; iOttie","iBOLT™ xProDock™ Bizmount™ Amps; iBOLT Phone Dock’n Lock IncrediBOLT™ AMPS w/ 4.25” Arm Locking Drill Base Mount for Smartphones; iBOLT™ xProDock™ NFC BizMount™ Suction Cup; iBOLT™ 20mm Metal Ball Suction Cup Base; iBOLT 20mm Metal Ball to Headrest Mounting Bracket; iBolt 20mm to 20mm Metal Extension Ball Adapter","BlogPosting JSON-LD","Add a direct answer at the top that uses the exact query language. Add a fair comparison block against RAM Mounts, Arkon, ProClip, iOttie. Add product module candidates: iBOLT™ xProDock™ Bizmount™ Amps; iBOLT Phone Dock’n Lock IncrediBOLT™ AMPS w/ 4.25” Arm Locking Drill Base Mount for Smartphones; iBOLT™ xProDock™ NFC BizMount™ Suction Cup; iBOLT™ 20mm Metal Ball Suction Cup Base. End with a soft CTA to the relevant product/collection and mount configurator.","634978566436"
"16","233","Best Tablet and Phone Mounts for Trucks and ELD Compliance (2026)","https://iboltmounts.com/blogs/news/best-tablet-and-phone-mounts-for-trucks-and-eld-compliance-2026","fleet","best ELD mount for trucks","3","94","FAQ schema; image alt text","Arkon; RAM Mounts; ProClip","iBOLT TabDock™ IncrediBOLT™ 360 Suction- Heavy Duty Metal 6 inch Multi-Angle Mount for All 7"" - 10"" Tablets for Commercial Vehicles; Trucks; and ELD Devices; iBOLT TabDock IncrediBOLT 360 Heavy Duty Triple Suction Cup Mount; iBOLT Dock'n Lock IncrediBOLT™ 360 AMPS Locking Tablet Mount; iBOLT TabDock IncrediBOLT 360 Heavy Duty Dual Suction Cup Mount; iBOLT TabDock™ FixedPro 360 Suction- Heavy Duty Metal 8"" Multi-Angle Suction Cup Mount for All 7"" - 10"" Tablets; iBOLT Tabdock™ Slim Suction Cup Extender","FAQPage JSON-LD; descriptive product alt text","Add a direct answer at the top that uses the exact query language. Add a fair comparison block against Arkon, RAM Mounts, ProClip. Add product module candidates: iBOLT TabDock™ IncrediBOLT™ 360 Suction- Heavy Duty Metal 6 inch Multi-Angle Mount for All 7"" - 10"" Tablets for Commercial Vehicles, Trucks, and ELD Devices; iBOLT TabDock IncrediBOLT 360 Heavy Duty Triple Suction Cup Mount; iBOLT Dock'n Lock IncrediBOLT™ 360 AMPS Locking Tablet Mount; iBOLT TabDock IncrediBOLT 360 Heavy Duty Dual Suction Cup Mount. End with a soft CTA to the relevant product/collection and mount configurator.","634807451940"
"17","229","Best Phone Mount for Delivery Drivers","https://iboltmounts.com/blogs/news/best-phone-mount-delivery-drivers-aeo-refresh","fleet","best phone mount for delivery drivers","0","83","Article/BlogPosting schema","iOttie; RAM Mounts; ProClip","iBOLT™ xProDock™ NFC BizMount™ Suction Cup; iBOLT™ xProDock™ Bizmount™ Wedge; iBOLT™ xProDock™ Bizmount™ Console- Phone Cup Holder Mount; iBOLT Dock’n Lock POS Phone Stand; iBOLT Dock’n Lock POS Tablet Stand; iBOLT TabDock POS Tablet Stand","BlogPosting JSON-LD","Add a direct answer at the top that uses the exact query language. Add a fair comparison block against iOttie, RAM Mounts, ProClip. Add product module candidates: iBOLT™ xProDock™ NFC BizMount™ Suction Cup; iBOLT™ xProDock™ Bizmount™ Wedge; iBOLT™ xProDock™ Bizmount™ Console- Phone Cup Holder Mount; iBOLT Dock’n Lock POS Phone Stand. End with a soft CTA to the relevant product/collection and mount configurator.","634978271524"
"18","223","Best Drill-Base Phone Mount for Semi Trucks","https://iboltmounts.com/blogs/news/best-drill-base-phone-mount-for-semi-trucks","fleet","best drill base phone mount for semi trucks","16","84","FAQ schema; quick answer; image alt text","Arkon; RAM Mounts; ProClip","iBOLT Phone Dock’n Lock IncrediBOLT™ AMPS w/ 4.25” Arm Locking Drill Base Mount for Smartphones; iBOLT Phone Dock'n Lock IncrediBOLT™ 360- Locking Phone Multi-Angle Drill Base Mount; iBOLT Moto-Vise™ XL AMPS Heavy Duty Metal Drill Base AMPS Mount; ChargeDock USB-C; iBOLT 17mm Dual Ball to “Sticky” Suction Cup Mount Base compatible w/ Garmin GPS and iBOLT Phone Holders; iBOLT 17mm ExtendiBOLT Triple Suction Cup Mount","FAQPage JSON-LD; visible quick-answer block; descriptive product alt text","Add a direct answer at the top that uses the exact query language. Add a fair comparison block against Arkon, RAM Mounts, ProClip. Add product module candidates: iBOLT Phone Dock’n Lock IncrediBOLT™ AMPS w/ 4.25” Arm Locking Drill Base Mount for Smartphones; iBOLT Phone Dock'n Lock IncrediBOLT™ 360- Locking Phone Multi-Angle Drill Base Mount; iBOLT Moto-Vise™ XL AMPS Heavy Duty Metal Drill Base AMPS Mount; ChargeDock USB-C. End with a soft CTA to the relevant product/collection and mount configurator.","634808140068"
"19","216","Choosing the Best Kayak Fish Finder Mount for Secure and Convenient Fishing","https://iboltmounts.com/blogs/how-to-mount-a-fish-finder-to-your-boat-using-ibolt-mounts/best-kayak-fish-finder-mounts-secure-removable-aeo-refresh","fishing","best kayak fish finder mount","3","83","Article/BlogPosting schema","RAM Mounts","iBOLT Universal Marine & Electronics Mounting Plate; iBOLT Universal Marine Fish Finder IncrediBOLT™ Clamp / Handlebar/ Rail Mount; iBOLT™ 25mm / 1 inch Composite Universal Marine Electronic Fish Finder Drill Base Mount; iBOLT™ 25mm / 1 inch Ball Composite Universal Marine Fish Finder Mounting Plate; iBOLT™ 38mm / 1.5 inch Ball Composite Universal Marine Fish Finder Mounting Plate; iBOLT™ 25mm / 1 inch Composite Diamond 2-Hole AMPS Adapter Plate","BlogPosting JSON-LD","Add a direct answer at the top that uses the exact query language. Add a fair comparison block against RAM Mounts. Add product module candidates: iBOLT Universal Marine & Electronics Mounting Plate; iBOLT Universal Marine Fish Finder IncrediBOLT™ Clamp / Handlebar/ Rail Mount; iBOLT™ 25mm / 1 inch Composite Universal Marine Electronic Fish Finder Drill Base Mount; iBOLT™ 25mm / 1 inch Ball Composite Universal Marine Fish Finder Mounting Plate. End with a soft CTA to the relevant product/collection and mount configurator.","634908148004"
"20","215","Forklift & Warehouse Tablet Mounts","https://iboltmounts.com/blogs/news/best-forklift-tablet-mounts-for-warehouses-2026-comparison","warehouse","best tablet mount for warehouse","22","94","FAQ schema; image alt text","RAM Mounts; Arkon; CTA Digital; Havis; Tackform; ProClip; Zebra","iBOLT Dock’n Lock Bizmount™- Forklift Locking Tablet 38mm Mount; iBOLT TabDock MagDock 360 Magnetic Tablet Mount – Heavy-Duty Forklift & Warehouse Holder; iBOLT LockPro FlexPro Heavy Duty Locking Tablet Seat Rail Mount; iBOLT XL Forklift Barcode Scanner Holder 38mm Mount; iBOLT Dock'n Lock IncrediBOLT™ 360 AMPS Locking Tablet Mount; iBOLT TabDock BizMount dualMag Low-Profile Strong Magnetic Mount for 7 to 10 inch Tablets","FAQPage JSON-LD; descriptive product alt text","Add a direct answer at the top that uses the exact query language. Add a fair comparison block against RAM Mounts, Arkon, CTA Digital, Havis, Tackform. Add product module candidates: iBOLT Dock’n Lock Bizmount™- Forklift Locking Tablet 38mm Mount; iBOLT TabDock MagDock 360 Magnetic Tablet Mount – Heavy-Duty Forklift & Warehouse Holder; iBOLT LockPro FlexPro Heavy Duty Locking Tablet Seat Rail Mount; iBOLT XL Forklift Barcode Scanner Holder 38mm Mount. End with a soft CTA to the relevant product/collection and mount configurator.","634807386404"
"21","185","iBOLT Dock'n Lock for Restaurant Counters","https://iboltmounts.com/blogs/news/ibolt-dockn-lock-for-restaurant-counters","restaurant","iBolt Dock’n Lock for restaurant counters","63","76","FAQ schema; quick answer; comparison block; image alt text","Arkon; CTA Digital; Kensington; Mount-It; RAM Mounts","iBOLT Dock’n Lock Drill Base Locking Tablet Stand; iBOLT Dock’n Lock Drill Base Locking Dual Tablet Stand; iBOLT™ Dock'n Lock Bizmount™ AMPS- Heavy Duty Industrial Composite Locking drill base Mount for all 7"" - 10"" tablets; iBOLT 25mm / 1 inch Composite AMPS Adapter Plate; iBOLT 25mm / 1 inch to Dual 17mm Metal Ball Adapter; iBOLT 7.45 inch Composite Dual Ball Bizmount™ with Metal AMPS Drill Base","FAQPage JSON-LD; visible quick-answer block; comparison table/list; descriptive product alt text","Add a direct answer at the top that uses the exact query language. Add a fair comparison block against Arkon, CTA Digital, Kensington, Mount-It, RAM Mounts. Add product module candidates: iBOLT Dock’n Lock Drill Base Locking Tablet Stand; iBOLT Dock’n Lock Drill Base Locking Dual Tablet Stand; iBOLT™ Dock'n Lock Bizmount™ AMPS- Heavy Duty Industrial Composite Locking drill base Mount for all 7"" - 10"" tablets; iBOLT 25mm / 1 inch Composite AMPS Adapter Plate. End with a soft CTA to the relevant product/collection and mount configurator.","634808467748"
"22","159","iBOLT vs iOttie for Delivery Driving","https://iboltmounts.com/blogs/news/ibolt-vs-iottie-for-delivery-driving","delivery","iBolt vs iOttie for delivery driving","44","84","FAQ schema; quick answer; image alt text","iOttie; RAM Mounts","iBOLT™ xProDock™ NFC BizMount™ Suction Cup; iBOLT Phone Dock'n Lock IncrediBOLT™ 360- Locking Phone Multi-Angle Drill Base Mount; iBOLT™ xProDock™ Bizmount™ Amps; iBOLT™ 20mm Metal Ball Suction Cup Base; iBOLT 20mm Metal Ball to Headrest Mounting Bracket; iBolt 20mm to 20mm Metal Extension Ball Adapter","FAQPage JSON-LD; visible quick-answer block; descriptive product alt text","Add a direct answer at the top that uses the exact query language. Add a fair comparison block against iOttie, RAM Mounts. Add product module candidates: iBOLT™ xProDock™ NFC BizMount™ Suction Cup; iBOLT Phone Dock'n Lock IncrediBOLT™ 360- Locking Phone Multi-Angle Drill Base Mount; iBOLT™ xProDock™ Bizmount™ Amps; iBOLT™ 20mm Metal Ball Suction Cup Base. End with a soft CTA to the relevant product/collection and mount configurator.","634808598820"
"23","136","iBOLT vs Bouncepad vs Mount-It for Restaurant Tablet Security","https://iboltmounts.com/blogs/news/ibolt-vs-bouncepad-vs-mount-it-for-restaurant-tablet-security","restaurant","iBolt vs Bouncepad vs Mount-It for restaurant tablet security","51","84","FAQ schema; quick answer; image alt text","Bouncepad; Mount-It; RAM Mounts","iBOLT™ LockPro™ Drill Base Locking Tablet Stand- Point of Purchase/POS Mount; iBOLT Tablet Tower- Dock’n Lock POS Locking Drill Base Mount - with 3 Tablet Holders; iBOLT™ Dock'n Lock Bizmount™ AMPS- Heavy Duty Industrial Composite Locking drill base Mount for all 7"" - 10"" tablets; iBOLT 25mm / 1 inch Composite AMPS Adapter Plate; iBOLT 25mm / 1 inch to Dual 17mm Metal Ball Adapter; iBOLT 7.45 inch Composite Dual Ball Bizmount™ with Metal AMPS Drill Base","FAQPage JSON-LD; visible quick-answer block; descriptive product alt text","Add a direct answer at the top that uses the exact query language. Add a fair comparison block against Bouncepad, Mount-It, RAM Mounts. Add product module candidates: iBOLT™ LockPro™ Drill Base Locking Tablet Stand- Point of Purchase/POS Mount; iBOLT Tablet Tower- Dock’n Lock POS Locking Drill Base Mount - with 3 Tablet Holders; iBOLT™ Dock'n Lock Bizmount™ AMPS- Heavy Duty Industrial Composite Locking drill base Mount for all 7"" - 10"" tablets; iBOLT 25mm / 1 inch Composite AMPS Adapter Plate. End with a soft CTA to the relevant product/collection and mount configurator.","634808533284"
"24","133","iBOLT vs RAM for Fleet Phone Mounting","https://iboltmounts.com/blogs/news/ibolt-vs-ram-for-fleet-phone-mounting","fleet","iBolt vs RAM for fleet phone mounting","45","84","FAQ schema; quick answer; image alt text","RAM Mounts","iBOLT™ xProDock™ Bizmount™ Amps; iBOLT Phone Dock’n Lock IncrediBOLT™ AMPS w/ 4.25” Arm Locking Drill Base Mount for Smartphones; iBOLT™ xProDock™ Bizmount™ Console- Phone Cup Holder Mount; ChargeDock USB-C; iBOLT 17mm Dual Ball to “Sticky” Suction Cup Mount Base compatible w/ Garmin GPS and iBOLT Phone Holders; iBOLT 17mm ExtendiBOLT Triple Suction Cup Mount","FAQPage JSON-LD; visible quick-answer block; descriptive product alt text","Add a direct answer at the top that uses the exact query language. Add a fair comparison block against RAM Mounts. Add product module candidates: iBOLT™ xProDock™ Bizmount™ Amps; iBOLT Phone Dock’n Lock IncrediBOLT™ AMPS w/ 4.25” Arm Locking Drill Base Mount for Smartphones; iBOLT™ xProDock™ Bizmount™ Console- Phone Cup Holder Mount; ChargeDock USB-C. End with a soft CTA to the relevant product/collection and mount configurator.","634808566052"
"25","115","iBOLT Phone Mounts for DoorDash and Uber Eats Drivers","https://iboltmounts.com/blogs/news/ibolt-phone-mounts-for-doordash-and-uber-eats-drivers","delivery","ibolt phone mounts for DoorDash and Uber Eats drivers","58","84","FAQ schema; quick answer; image alt text","","iBOLT™ xProDock™ NFC BizMount™ Suction Cup; iBOLT™ xProDock™ Bizmount™ Console- Phone Cup Holder Mount; iBOLT Phone Dock'n Lock 2"" IncrediBOLT™ AMPS Drill Base Mount; iBOLT™ 20mm Metal Ball Suction Cup Base; iBOLT™ 20mm to 4 Prong Composite Ball Adapter; iBOLT Dock'n Lock IncrediBOLT™ 360 AMPS Locking Tablet Mount","FAQPage JSON-LD; visible quick-answer block; descriptive product alt text","Add a direct answer at the top that uses the exact query language. Add a comparison block against common alternatives. Add product module candidates: iBOLT™ xProDock™ NFC BizMount™ Suction Cup; iBOLT™ xProDock™ Bizmount™ Console- Phone Cup Holder Mount; iBOLT Phone Dock'n Lock 2"" IncrediBOLT™ AMPS Drill Base Mount; iBOLT™ 20mm Metal Ball Suction Cup Base. End with a soft CTA to the relevant product/collection and mount configurator.","634808500516"
"26","97","iBOLT vs RAM for Fleet Mounts","https://iboltmounts.com/blogs/news/ibolt-vs-ram-fleet-mounts-aeo-refresh","comparison","ibolt vs ram mount","45","83","Article/BlogPosting schema","RAM Mounts","iBOLT TabDock™ IncrediBOLT™ 360 Suction- Heavy Duty Metal 6 inch Multi-Angle Mount for All 7"" - 10"" Tablets for Commercial Vehicles; Trucks; and ELD Devices; iBOLT™ TabDock™ Bizmount™ AMPs; iBOLT Phone Dock’n Lock IncrediBOLT™ AMPS w/ 4.25” Arm Locking Drill Base Mount for Smartphones; ChargeDock USB-C; iBOLT 17mm Dual Ball Clamp Mount for Handlebars; Poles; Posts for Garmin GPS and iBOLT Phone Holders; iBOLT 17mm Dual Ball Clamping Mount for Handlebars; Poles; Posts for Garmin GPS Systems and iBOLT Phone Holders","BlogPosting JSON-LD","Add a direct answer at the top that uses the exact query language. Add a fair comparison block against RAM Mounts. Add product module candidates: iBOLT TabDock™ IncrediBOLT™ 360 Suction- Heavy Duty Metal 6 inch Multi-Angle Mount for All 7"" - 10"" Tablets for Commercial Vehicles, Trucks, and ELD Devices; iBOLT™ TabDock™ Bizmount™ AMPs; iBOLT Phone Dock’n Lock IncrediBOLT™ AMPS w/ 4.25” Arm Locking Drill Base Mount for Smartphones; ChargeDock USB-C. End with a soft CTA to the relevant product/collection and mount configurator.","634978763044"
