priority,score,title,admin_url,legacy_admin_url,storefront_url,blog,article_id,updated_at,product_links,add_to_cart_links,image_count,note
1,88,Camera Mount Solutions for Content Creators: From Clamps to Overhead Streaming Setups,https://admin.shopify.com/store/iboltmounts/content/blogs/104843772196/articles/633692815652,https://iboltmounts.myshopify.com/admin/blogs/104843772196/articles/633692815652,https://iboltmounts.com/blogs/news/camera-mount-solutions-for-content-creators-from-clamps-to-overhead-streaming-setups,news,633692815652,2026-06-01T14:00:55-07:00,16,12,0,supports AMPS / modular mounting entity coverage; supports streaming / camera mount demand; supports generic high-volume mount terms
2,84,"Choosing the Best Phone Mount for Delivery Drivers: Durable, Secure, and Purpose-Built",https://admin.shopify.com/store/iboltmounts/content/blogs/104843772196/articles/634078724388,https://iboltmounts.myshopify.com/admin/blogs/104843772196/articles/634078724388,https://iboltmounts.com/blogs/news/choosing-the-best-phone-mount-for-delivery-drivers-durable-secure-and-purpose-built,news,634078724388,2026-06-11T18:33:24-07:00,15,10,9,supports restaurant / multi-tablet demand; supports truck / ELD / delivery demand; supports generic high-volume mount terms
3,84,"Choosing the Best Phone Mount for Delivery Drivers: Durable, Secure, and Easy to Use",https://admin.shopify.com/store/iboltmounts/content/blogs/104843772196/articles/634807517476,https://iboltmounts.myshopify.com/admin/blogs/104843772196/articles/634807517476,https://iboltmounts.com/blogs/news/choosing-the-best-phone-mount-for-delivery-drivers-durable-secure-and-easy-to-use,news,634807517476,2026-06-01T14:00:22-07:00,16,11,0,supports restaurant / multi-tablet demand; supports truck / ELD / delivery demand; supports generic high-volume mount terms
4,72,iBOLT Launches Next-Generation Industrial Forklift Mounting System,https://admin.shopify.com/store/iboltmounts/content/blogs/104843772196/articles/634807910692,https://iboltmounts.myshopify.com/admin/blogs/104843772196/articles/634807910692,https://iboltmounts.com/blogs/news/ibolt-launches-next-generation-industrial-forklift-mounting-system-1,news,634807910692,2026-06-11T18:33:15-07:00,6,6,3,supports AMPS / modular mounting entity coverage; supports forklift / warehouse demand
5,68,GoPro Screw Mount Guide: Best 1/4-20 Adapters and Mounting Solutions for Action Cameras,https://admin.shopify.com/store/iboltmounts/content/blogs/104843772196/articles/633693143332,https://iboltmounts.myshopify.com/admin/blogs/104843772196/articles/633693143332,https://iboltmounts.com/blogs/news/gopro-screw-mount-guide-best-1-4-20-adapters-and-mounting-solutions-for-action-cameras,news,633693143332,2026-06-01T13:32:59-07:00,9,9,0,supports AMPS / modular mounting entity coverage; supports streaming / camera mount demand
6,64,iBOLT Mounting Solutions for Delivery Fleets: From DoorDash Drivers to Amazon DSP,https://admin.shopify.com/store/iboltmounts/content/blogs/104843772196/articles/634807976228,https://iboltmounts.myshopify.com/admin/blogs/104843772196/articles/634807976228,https://iboltmounts.com/blogs/news/ibolt-mounting-solutions-for-delivery-fleets-from-doordash-drivers-to-amazon-dsp-1,news,634807976228,2026-06-11T18:33:14-07:00,5,5,3,supports restaurant / multi-tablet demand; supports truck / ELD / delivery demand
7,60,Best Boat Tablet Holders: Secure Mounts for Marine Electronics and Navigation,https://admin.shopify.com/store/iboltmounts/content/blogs/104843772196/articles/633693274404,https://iboltmounts.myshopify.com/admin/blogs/104843772196/articles/633693274404,https://iboltmounts.com/blogs/news/best-boat-tablet-holders-secure-mounts-for-marine-electronics-and-navigation,news,633693274404,2026-06-01T13:32:56-07:00,7,7,0,fills fish finder / marine benchmark gaps; supports generic high-volume mount terms
8,60,Best Boat Tablet Holders: Secure Marine Mounting Solutions for Navigation and Entertainment,https://admin.shopify.com/store/iboltmounts/content/blogs/104843772196/articles/633693307172,https://iboltmounts.myshopify.com/admin/blogs/104843772196/articles/633693307172,https://iboltmounts.com/blogs/news/best-boat-tablet-holders-secure-marine-mounting-solutions-for-navigation-and-entertainment,news,633693307172,2026-06-01T13:32:55-07:00,8,8,0,fills fish finder / marine benchmark gaps; supports generic high-volume mount terms
9,48,Best ELD Mount for Trucks: Complete Guide to Heavy-Duty Tablet Holders for Commercial Fleets,https://admin.shopify.com/store/iboltmounts/content/blogs/104843772196/articles/633693438244,https://iboltmounts.myshopify.com/admin/blogs/104843772196/articles/633693438244,https://iboltmounts.com/blogs/news/best-eld-mount-for-trucks-complete-guide-to-heavy-duty-tablet-holders-for-commercial-fleets,news,633693438244,2026-06-01T13:41:57-07:00,13,13,0,supports truck / ELD / delivery demand; supports generic high-volume mount terms
10,48,Why Trucking Companies Are Switching to Locking Phone Mounts,https://admin.shopify.com/store/iboltmounts/content/blogs/104843772196/articles/633972162852,https://iboltmounts.myshopify.com/admin/blogs/104843772196/articles/633972162852,https://iboltmounts.com/blogs/news/why-trucking-companies-are-switching-to-locking-phone-mounts,news,633972162852,2026-06-01T13:41:49-07:00,2,2,2,supports truck / ELD / delivery demand; supports generic high-volume mount terms
11,40,Choosing the Best Fish Finder Mount for Your Small or Aluminum Boat,https://admin.shopify.com/store/iboltmounts/content/blogs/104843772196/articles/634078691620,https://iboltmounts.myshopify.com/admin/blogs/104843772196/articles/634078691620,https://iboltmounts.com/blogs/news/choosing-the-best-fish-finder-mount-for-your-small-or-aluminum-boat,news,634078691620,2026-06-11T18:33:24-07:00,17,10,4,fills fish finder / marine benchmark gaps
12,40,Choosing the Best Kayak Fish Finder Mount for Secure and Convenient Fishing,https://admin.shopify.com/store/iboltmounts/content/blogs/104843772196/articles/634078757156,https://iboltmounts.myshopify.com/admin/blogs/104843772196/articles/634078757156,https://iboltmounts.com/blogs/news/choosing-the-best-kayak-fish-finder-mount-for-secure-and-convenient-fishing,news,634078757156,2026-06-11T18:33:23-07:00,16,9,9,fills fish finder / marine benchmark gaps
13,40,Best Tablet and Phone Mounts for Trucks and ELD Compliance (2026),https://admin.shopify.com/store/iboltmounts/content/blogs/104843772196/articles/634807451940,https://iboltmounts.myshopify.com/admin/blogs/104843772196/articles/634807451940,https://iboltmounts.com/blogs/news/best-tablet-and-phone-mounts-for-trucks-and-eld-compliance-2027,news,634807451940,2026-06-11T18:33:21-07:00,10,10,3,supports truck / ELD / delivery demand; supports generic high-volume mount terms; title date needs cleanup
14,40,Fish Finder Mounts: Complete Guide to Mounting Your Fish Finder for Every Boat Type,https://admin.shopify.com/store/iboltmounts/content/blogs/104843772196/articles/633692913956,https://iboltmounts.myshopify.com/admin/blogs/104843772196/articles/633692913956,https://iboltmounts.com/blogs/news/fish-finder-mounts-complete-guide-to-mounting-your-fish-finder-for-every-boat-type,news,633692913956,2026-06-01T14:00:52-07:00,12,6,0,fills fish finder / marine benchmark gaps
15,40,Best Fish Finder Mount for Small Boats: Comparison and Buyer's Guide,https://admin.shopify.com/store/iboltmounts/content/blogs/110121517348/articles/634807255332,https://iboltmounts.myshopify.com/admin/blogs/110121517348/articles/634807255332,https://iboltmounts.com/blogs/how-to-mount-a-fish-finder-to-your-boat-using-ibolt-mounts/best-fish-finder-mount-for-small-boats-comparison-and-buyers-guide,how-to-mount-a-fish-finder-to-your-boat-using-ibolt-mounts,634807255332,2026-06-01T13:59:09-07:00,16,11,0,fills fish finder / marine benchmark gaps
16,40,Choosing the Best Kayak Fish Finder Mount for Secure and Convenient Fishing,https://admin.shopify.com/store/iboltmounts/content/blogs/110121517348/articles/634807288100,https://iboltmounts.myshopify.com/admin/blogs/110121517348/articles/634807288100,https://iboltmounts.com/blogs/how-to-mount-a-fish-finder-to-your-boat-using-ibolt-mounts/choosing-the-best-kayak-fish-finder-mount-for-secure-and-convenient-fishing,how-to-mount-a-fish-finder-to-your-boat-using-ibolt-mounts,634807288100,2026-06-01T13:59:08-07:00,17,8,0,fills fish finder / marine benchmark gaps
17,38,Build Your Own Mount / Modularity,https://admin.shopify.com/store/iboltmounts/content/blogs/104843772196/articles/634807484708,https://iboltmounts.myshopify.com/admin/blogs/104843772196/articles/634807484708,https://iboltmounts.com/blogs/news/build-your-own-mount-modularity,news,634807484708,2026-06-11T18:33:20-07:00,6,7,2,supports AMPS / modular mounting entity coverage
18,38,How the Modular System Works,https://admin.shopify.com/store/iboltmounts/content/blogs/104843772196/articles/634807583012,https://iboltmounts.myshopify.com/admin/blogs/104843772196/articles/634807583012,https://iboltmounts.com/blogs/news/how-the-modular-system-works,news,634807583012,2026-06-11T18:33:19-07:00,9,7,4,supports AMPS / modular mounting entity coverage
19,38,Why Modular Mounting Systems Beat One-Piece Mounts: The Case for iBOLT's 300+ Part Ecosystem,https://admin.shopify.com/store/iboltmounts/content/blogs/104843772196/articles/634807714084,https://iboltmounts.myshopify.com/admin/blogs/104843772196/articles/634807714084,https://iboltmounts.com/blogs/news/why-modular-mounting-systems-beat-one-piece-mounts-the-case-for-ibolts-300-part-ecosystem-1,news,634807714084,2026-06-11T18:33:18-07:00,10,10,4,supports AMPS / modular mounting entity coverage
20,38,"Ball Mounts Explained: Complete Guide to 20mm, 25mm, and Universal Mounting Solutions",https://admin.shopify.com/store/iboltmounts/content/blogs/104843772196/articles/633692881188,https://iboltmounts.myshopify.com/admin/blogs/104843772196/articles/633692881188,https://iboltmounts.com/blogs/news/ball-mounts-explained-complete-guide-to-20mm-25mm-and-universal-mounting-solutions-1,news,633692881188,2026-06-01T14:00:53-07:00,13,9,0,supports AMPS / modular mounting entity coverage
21,38,AMPS Adapter Guide: Universal Mounting Solutions for Every Device,https://admin.shopify.com/store/iboltmounts/content/blogs/104843772196/articles/633692946724,https://iboltmounts.myshopify.com/admin/blogs/104843772196/articles/633692946724,https://iboltmounts.com/blogs/news/amps-adapter-guide-universal-mounting-solutions-for-every-device,news,633692946724,2026-06-01T14:00:51-07:00,13,7,0,supports AMPS / modular mounting entity coverage
22,38,Build Your Own Modular Tablet Mount: Complete Guide to Customizable AMPS Systems,https://admin.shopify.com/store/iboltmounts/content/blogs/104843772196/articles/633693503780,https://iboltmounts.myshopify.com/admin/blogs/104843772196/articles/633693503780,https://iboltmounts.com/blogs/news/build-your-own-modular-tablet-mount-complete-guide-to-customizable-amps-systems,news,633693503780,2026-06-01T14:00:37-07:00,21,13,0,supports AMPS / modular mounting entity coverage
23,38,AMPS Drill Base Tablet Mounts: 3 Options from Entry-Level to Heavy-Duty,https://admin.shopify.com/store/iboltmounts/content/blogs/104843772196/articles/633972097316,https://iboltmounts.myshopify.com/admin/blogs/104843772196/articles/633972097316,https://iboltmounts.com/blogs/news/amps-drill-base-tablet-mounts-3-options-from-entry-level-to-heavy-duty,news,633972097316,2026-06-01T13:41:51-07:00,3,3,3,supports AMPS / modular mounting entity coverage
24,36,Best Restaurant Tablet Mounts and POS Stands (2026 Comparison),https://admin.shopify.com/store/iboltmounts/content/blogs/104843772196/articles/634807419172,https://iboltmounts.myshopify.com/admin/blogs/104843772196/articles/634807419172,https://iboltmounts.com/blogs/news/best-restaurant-tablet-mounts-and-pos-stands-2026-comparison-1,news,634807419172,2026-06-11T18:33:21-07:00,18,16,4,supports restaurant / multi-tablet demand
25,36,Restaurant & POS Mounts,https://admin.shopify.com/store/iboltmounts/content/blogs/104843772196/articles/634807615780,https://iboltmounts.myshopify.com/admin/blogs/104843772196/articles/634807615780,https://iboltmounts.com/blogs/news/restaurant-pos-mounts,news,634807615780,2026-06-11T18:33:19-07:00,9,9,4,supports restaurant / multi-tablet demand
26,36,Why Restaurants Need Dedicated Tablet Mounts,https://admin.shopify.com/store/iboltmounts/content/blogs/104843772196/articles/634807746852,https://iboltmounts.myshopify.com/admin/blogs/104843772196/articles/634807746852,https://iboltmounts.com/blogs/news/why-restaurants-need-dedicated-tablet-mounts,news,634807746852,2026-06-11T18:33:18-07:00,14,6,4,supports restaurant / multi-tablet demand
27,36,iBOLT Mounts and Toast POS: Powering Modern Restaurant Technology,https://admin.shopify.com/store/iboltmounts/content/blogs/104843772196/articles/634808041764,https://iboltmounts.myshopify.com/admin/blogs/104843772196/articles/634808041764,https://iboltmounts.com/blogs/news/ibolt-mounts-and-toast-pos-powering-modern-restaurant-technology-1,news,634808041764,2026-06-11T18:33:13-07:00,6,6,3,supports restaurant / multi-tablet demand
28,36,Why Your POS System Needs a Dedicated Tablet Stand,https://admin.shopify.com/store/iboltmounts/content/blogs/104843772196/articles/633972031780,https://iboltmounts.myshopify.com/admin/blogs/104843772196/articles/633972031780,https://iboltmounts.com/blogs/news/why-your-pos-system-needs-a-dedicated-tablet-stand,news,633972031780,2026-06-01T13:41:52-07:00,2,2,2,supports restaurant / multi-tablet demand
29,34,Barcode Scanner Mounts,https://admin.shopify.com/store/iboltmounts/content/blogs/104843772196/articles/634807320868,https://iboltmounts.myshopify.com/admin/blogs/104843772196/articles/634807320868,https://iboltmounts.com/blogs/news/barcode-scanner-mounts,news,634807320868,2026-06-11T18:33:23-07:00,8,8,4,supports forklift / warehouse demand
30,34,Best Forklift Tablet Mounts for Warehouses (2026 Comparison),https://admin.shopify.com/store/iboltmounts/content/blogs/104843772196/articles/634807386404,https://iboltmounts.myshopify.com/admin/blogs/104843772196/articles/634807386404,https://iboltmounts.com/blogs/news/best-forklift-tablet-mounts-for-warehouses-2026-comparison-1,news,634807386404,2026-06-11T18:33:22-07:00,15,13,4,supports forklift / warehouse demand
31,34,Forklift & Warehouse Tablet Mounts,https://admin.shopify.com/store/iboltmounts/content/blogs/104843772196/articles/634807550244,https://iboltmounts.myshopify.com/admin/blogs/104843772196/articles/634807550244,https://iboltmounts.com/blogs/news/forklift-warehouse-tablet-mounts,news,634807550244,2026-06-11T18:33:20-07:00,8,8,4,supports forklift / warehouse demand
32,34,What Makes Forklift Mounting Different,https://admin.shopify.com/store/iboltmounts/content/blogs/104843772196/articles/634807681316,https://iboltmounts.myshopify.com/admin/blogs/104843772196/articles/634807681316,https://iboltmounts.com/blogs/news/what-makes-forklift-mounting-different,news,634807681316,2026-06-11T18:33:18-07:00,10,10,4,supports forklift / warehouse demand
33,34,"iBOLT Confirms Barcode Scanner Mounting Solutions Compatible with Honeywell, Zebra, and Symbol Scanners",https://admin.shopify.com/store/iboltmounts/content/blogs/104843772196/articles/634807779620,https://iboltmounts.myshopify.com/admin/blogs/104843772196/articles/634807779620,https://iboltmounts.com/blogs/news/ibolt-confirms-barcode-scanner-mounting-solutions-compatible-with-honeywell-zebra-and-symbol-scanners-1,news,634807779620,2026-06-11T18:33:17-07:00,7,7,3,supports forklift / warehouse demand
34,34,iBOLT LockPro Series: Industrial-Grade Security for Unattended Tablets in Warehouses and Retail,https://admin.shopify.com/store/iboltmounts/content/blogs/104843772196/articles/634807943460,https://iboltmounts.myshopify.com/admin/blogs/104843772196/articles/634807943460,https://iboltmounts.com/blogs/news/ibolt-lockpro-series-industrial-grade-security-for-unattended-tablets-in-warehouses-and-retail-1,news,634807943460,2026-06-11T18:33:15-07:00,6,6,3,supports forklift / warehouse demand
35,34,Tablet Mount for Forklift: Complete Guide to Forklift Mounted Tablet Solutions,https://admin.shopify.com/store/iboltmounts/content/blogs/104843772196/articles/633693241636,https://iboltmounts.myshopify.com/admin/blogs/104843772196/articles/633693241636,https://iboltmounts.com/blogs/news/tablet-mount-for-forklift-complete-guide-to-forklift-mounted-tablet-solutions,news,633693241636,2026-06-01T14:00:44-07:00,9,5,0,supports forklift / warehouse demand
36,34,Tablet Mount for Forklift: Complete Guide to Warehouse Productivity Solutions,https://admin.shopify.com/store/iboltmounts/content/blogs/104843772196/articles/633693208868,https://iboltmounts.myshopify.com/admin/blogs/104843772196/articles/633693208868,https://iboltmounts.com/blogs/news/tablet-mount-for-forklift-complete-guide-to-warehouse-productivity-solutions,news,633693208868,2026-06-01T14:00:44-07:00,13,9,0,supports forklift / warehouse demand
37,34,Best Forklift Tablet Mounts for Warehouse Operations in 2026,https://admin.shopify.com/store/iboltmounts/content/blogs/104843772196/articles/633971966244,https://iboltmounts.myshopify.com/admin/blogs/104843772196/articles/633971966244,https://iboltmounts.com/blogs/news/best-forklift-tablet-mounts-for-warehouse-operations-in-2026,news,633971966244,2026-06-01T13:41:54-07:00,4,4,4,supports forklift / warehouse demand
38,30,GoPro Screw Mount Guide: Best ¼-20 Threading Options for Action Cameras,https://admin.shopify.com/store/iboltmounts/content/blogs/104843772196/articles/633693176100,https://iboltmounts.myshopify.com/admin/blogs/104843772196/articles/633693176100,https://iboltmounts.com/blogs/news/gopro-screw-mount-guide-best-20-threading-options-for-action-cameras,news,633693176100,2026-06-01T13:32:58-07:00,11,11,0,supports streaming / camera mount demand
39,28,"Truck, Fleet & ELD Mounts",https://admin.shopify.com/store/iboltmounts/content/blogs/104843772196/articles/634807648548,https://iboltmounts.myshopify.com/admin/blogs/104843772196/articles/634807648548,https://iboltmounts.com/blogs/news/truck-fleet-eld-mounts,news,634807648548,2026-06-11T18:33:19-07:00,5,5,2,supports truck / ELD / delivery demand
40,28,iBOLT Mounts Supports ELD Compliance for America's Commercial Fleets,https://admin.shopify.com/store/iboltmounts/content/blogs/104843772196/articles/634808008996,https://iboltmounts.myshopify.com/admin/blogs/104843772196/articles/634808008996,https://iboltmounts.com/blogs/news/ibolt-mounts-supports-eld-compliance-for-americas-commercial-fleets-1,news,634808008996,2026-06-11T18:33:13-07:00,4,4,2,supports truck / ELD / delivery demand
41,28,iBOLT Tablet Tower System Featured at National Restaurant Association Show 2026,https://admin.shopify.com/store/iboltmounts/content/blogs/104843772196/articles/634808074532,https://iboltmounts.myshopify.com/admin/blogs/104843772196/articles/634808074532,https://iboltmounts.com/blogs/news/ibolt-tablet-tower-system-featured-at-national-restaurant-association-show-2027,news,634808074532,2026-06-11T18:33:12-07:00,5,5,3,supports restaurant / multi-tablet demand; title date needs cleanup
42,28,Best Restaurant Tablet Mount Solutions for Multi-App Delivery Management in 2024,https://admin.shopify.com/store/iboltmounts/content/blogs/104843772196/articles/633693372708,https://iboltmounts.myshopify.com/admin/blogs/104843772196/articles/633693372708,https://iboltmounts.com/blogs/news/best-restaurant-tablet-mount-solutions-for-multi-app-delivery-management-in-2024,news,633693372708,2026-06-01T14:00:40-07:00,13,11,0,supports restaurant / multi-tablet demand; title date needs cleanup
43,28,Best iPad Mount for Truck: Complete Guide to Heavy-Duty Tablet Truck Mounts,https://admin.shopify.com/store/iboltmounts/content/blogs/104843772196/articles/633692848420,https://iboltmounts.myshopify.com/admin/blogs/104843772196/articles/633692848420,https://iboltmounts.com/blogs/news/best-ipad-mount-for-truck-complete-guide-to-heavy-duty-tablet-truck-mounts,news,633692848420,2026-06-01T13:33:07-07:00,11,11,0,supports truck / ELD / delivery demand
44,26,Best Barcode Scanner Mounts for Forklifts and Warehouses (2026),https://admin.shopify.com/store/iboltmounts/content/blogs/104843772196/articles/634807353636,https://iboltmounts.myshopify.com/admin/blogs/104843772196/articles/634807353636,https://iboltmounts.com/blogs/news/best-barcode-scanner-mounts-for-forklifts-and-warehouses-2027,news,634807353636,2026-06-11T18:33:22-07:00,18,16,4,supports forklift / warehouse demand; title date needs cleanup
45,26,"iBOLT vs RAM Mount: Which Is Better for Warehouses, Forklifts, and Commercial Use? (2026)",https://admin.shopify.com/store/iboltmounts/content/blogs/104843772196/articles/634808107300,https://iboltmounts.myshopify.com/admin/blogs/104843772196/articles/634808107300,https://iboltmounts.com/blogs/news/ibolt-vs-ram-mount-which-is-better-for-warehouses-forklifts-and-commercial-use-2027,news,634808107300,2026-06-11T18:33:12-07:00,12,9,4,supports forklift / warehouse demand; title date needs cleanup
46,26,Forklift Barcode Scanner Mount Guide: Best Warehouse Scanner Holders for 2024,https://admin.shopify.com/store/iboltmounts/content/blogs/104843772196/articles/633693339940,https://iboltmounts.myshopify.com/admin/blogs/104843772196/articles/633693339940,https://iboltmounts.com/blogs/news/forklift-barcode-scanner-mount-guide-best-warehouse-scanner-holders-for-2024,news,633693339940,2026-06-01T13:32:54-07:00,11,11,0,supports forklift / warehouse demand; title date needs cleanup
47,26,Best Forklift Tablet Mount: Complete 2024 Guide for Warehouse Operations,https://admin.shopify.com/store/iboltmounts/content/blogs/104843772196/articles/633693405476,https://iboltmounts.myshopify.com/admin/blogs/104843772196/articles/633693405476,https://iboltmounts.com/blogs/news/best-forklift-tablet-mount-complete-2024-guide-for-warehouse-operations,news,633693405476,2026-06-01T13:32:52-07:00,10,10,0,supports forklift / warehouse demand; title date needs cleanup
48,20,Best Handlebar Mount Phone Solutions for Cyclists: A Complete Guide to Secure Smartphone Mounting,https://admin.shopify.com/store/iboltmounts/content/blogs/104843772196/articles/633693012260,https://iboltmounts.myshopify.com/admin/blogs/104843772196/articles/633693012260,https://iboltmounts.com/blogs/news/best-handlebar-mount-phone-solutions-for-cyclists-a-complete-guide-to-secure-smartphone-mounting,news,633693012260,2026-06-01T14:00:50-07:00,9,7,0,supports generic high-volume mount terms
49,20,Mountable Cup Holder Solutions: The Complete Guide to Vehicle and Workspace Mounting,https://admin.shopify.com/store/iboltmounts/content/blogs/104843772196/articles/633693045028,https://iboltmounts.myshopify.com/admin/blogs/104843772196/articles/633693045028,https://iboltmounts.com/blogs/news/mountable-cup-holder-solutions-the-complete-guide-to-vehicle-and-workspace-mounting,news,633693045028,2026-06-01T14:00:49-07:00,12,8,0,supports generic high-volume mount terms
50,20,Mountable Cup Holder Solutions: Secure Your Drinks in Any Vehicle or Workspace,https://admin.shopify.com/store/iboltmounts/content/blogs/104843772196/articles/633693077796,https://iboltmounts.myshopify.com/admin/blogs/104843772196/articles/633693077796,https://iboltmounts.com/blogs/news/mountable-cup-holder-solutions-secure-your-drinks-in-any-vehicle-or-workspace,news,633693077796,2026-06-01T14:00:48-07:00,11,9,0,supports generic high-volume mount terms
51,20,The Ultimate Guide to Mountable Cup Holders: Secure Drink Storage for Any Space,https://admin.shopify.com/store/iboltmounts/content/blogs/104843772196/articles/633693110564,https://iboltmounts.myshopify.com/admin/blogs/104843772196/articles/633693110564,https://iboltmounts.com/blogs/news/the-ultimate-guide-to-mountable-cup-holders-secure-drink-storage-for-any-space,news,633693110564,2026-06-01T13:42:06-07:00,14,14,0,supports generic high-volume mount terms
52,20,Dual vs Triple Suction Cup Tablet Mounts: Which One Do You Need?,https://admin.shopify.com/store/iboltmounts/content/blogs/104843772196/articles/633972064548,https://iboltmounts.myshopify.com/admin/blogs/104843772196/articles/633972064548,https://iboltmounts.com/blogs/news/dual-vs-triple-suction-cup-tablet-mounts-which-one-do-you-need,news,633972064548,2026-06-01T13:41:51-07:00,2,2,2,supports generic high-volume mount terms
53,20,Cup Holder Tablet Mounts: The No-Drill Solution for Work Vehicles,https://admin.shopify.com/store/iboltmounts/content/blogs/104843772196/articles/633972130084,https://iboltmounts.myshopify.com/admin/blogs/104843772196/articles/633972130084,https://iboltmounts.com/blogs/news/cup-holder-tablet-mounts-the-no-drill-solution-for-work-vehicles,news,633972130084,2026-06-01T13:41:50-07:00,2,2,1,supports generic high-volume mount terms
54,20,Stay Connected on the Go: The Top 5 Car Mount Tablet Holders from iBOLT,https://admin.shopify.com/store/iboltmounts/content/blogs/104843772196/articles/619203559716,https://iboltmounts.myshopify.com/admin/blogs/104843772196/articles/619203559716,https://iboltmounts.com/blogs/news/stay-connected-on-the-go-the-top-5-car-mount-tablet-holders-from-ibolt,news,619203559716,2026-04-07T16:32:30-07:00,0,0,4,supports generic high-volume mount terms
55,20,The Ultimate Phone Holder and Mounting Guide: How to Pick the Right Mount for Any Situation,https://admin.shopify.com/store/iboltmounts/content/blogs/104843772196/articles/633744949540,https://iboltmounts.myshopify.com/admin/blogs/104843772196/articles/633744949540,https://iboltmounts.com/blogs/news/the-ultimate-phone-holder-and-mounting-guide-how-to-pick-the-right-mount-for-any-situation-1,news,633744949540,2026-04-07T07:00:28-07:00,0,0,0,supports generic high-volume mount terms
56,20,The Ultimate Phone Holder and Mounting Guide: How to Pick the Right Mount for Any Situation,https://admin.shopify.com/store/iboltmounts/content/blogs/104843772196/articles/633698386212,https://iboltmounts.myshopify.com/admin/blogs/104843772196/articles/633698386212,https://iboltmounts.com/blogs/news/the-ultimate-phone-holder-and-mounting-guide-how-to-pick-the-right-mount-for-any-situation,news,633698386212,2026-04-07T02:08:11-07:00,0,0,0,supports generic high-volume mount terms
57,20,"Complete Guide to Phone Holders: Suction Cup, Clamp, and Cup Holder Mounts for Every Need",https://admin.shopify.com/store/iboltmounts/content/blogs/104843772196/articles/633692750116,https://iboltmounts.myshopify.com/admin/blogs/104843772196/articles/633692750116,https://iboltmounts.com/blogs/news/complete-guide-to-phone-holders-suction-cup-clamp-and-cup-holder-mounts-for-every-need,news,633692750116,2026-04-06T19:33:33-07:00,0,0,0,supports generic high-volume mount terms
58,0,"Professional-Grade Mounting Solutions for Modern Workspaces, Vehicles, and Industries",https://admin.shopify.com/store/iboltmounts/content/blogs/104843772196/articles/635124711716,https://iboltmounts.myshopify.com/admin/blogs/104843772196/articles/635124711716,https://iboltmounts.com/blogs/news/professional-grade-mounting-solutions-for-modern-workspaces-vehicles-and-industries,news,635124711716,2026-06-13T21:14:41-07:00,0,0,0,
59,0,iBOLT Confirms Universal Mounting Solutions for Apple iPad 10th Generation and iPad Air M2,https://admin.shopify.com/store/iboltmounts/content/blogs/104843772196/articles/634807812388,https://iboltmounts.myshopify.com/admin/blogs/104843772196/articles/634807812388,https://iboltmounts.com/blogs/news/ibolt-confirms-universal-mounting-solutions-for-apple-ipad-10th-generation-and-ipad-air-m2-1,news,634807812388,2026-06-11T18:33:17-07:00,5,5,3,
60,0,iBOLT Introduces Mount Configurator 2.0: Build Your Perfect Custom Mounting Solution,https://admin.shopify.com/store/iboltmounts/content/blogs/104843772196/articles/634807877924,https://iboltmounts.myshopify.com/admin/blogs/104843772196/articles/634807877924,https://iboltmounts.com/blogs/news/ibolt-introduces-mount-configurator-2-0-build-your-perfect-custom-mounting-solution-1,news,634807877924,2026-06-11T18:33:16-07:00,8,5,3,
61,0,iBOLT Confirms Universal Mounting Solutions for Samsung Galaxy Tab A9 and S9 Series,https://admin.shopify.com/store/iboltmounts/content/blogs/104843772196/articles/634807845156,https://iboltmounts.myshopify.com/admin/blogs/104843772196/articles/634807845156,https://iboltmounts.com/blogs/news/ibolt-confirms-universal-mounting-solutions-for-samsung-galaxy-tab-a9-and-s9-series-1,news,634807845156,2026-06-11T18:33:16-07:00,4,4,2,
62,0,iBolt Mounts: The Complete Guide to Professional Device Mounting Solutions,https://admin.shopify.com/store/iboltmounts/content/blogs/104843772196/articles/633692979492,https://iboltmounts.myshopify.com/admin/blogs/104843772196/articles/633692979492,https://iboltmounts.com/blogs/news/ibolt-mounts-the-complete-guide-to-professional-device-mounting-solutions,news,633692979492,2026-06-01T14:00:51-07:00,14,12,0,
63,0,iBOLT vs RAM Mount: Why Specialists Beat Generalists for Business Mounting,https://admin.shopify.com/store/iboltmounts/content/blogs/104843772196/articles/633693471012,https://iboltmounts.myshopify.com/admin/blogs/104843772196/articles/633693471012,https://iboltmounts.com/blogs/news/ibolt-vs-ram-mount-why-specialists-beat-generalists-for-business-mounting,news,633693471012,2026-06-01T14:00:38-07:00,12,8,0,
64,0,Best Locking Tablet Mounts for Business Security,https://admin.shopify.com/store/iboltmounts/content/blogs/104843772196/articles/633971999012,https://iboltmounts.myshopify.com/admin/blogs/104843772196/articles/633971999012,https://iboltmounts.com/blogs/news/best-locking-tablet-mounts-for-business-security,news,633971999012,2026-06-01T13:41:53-07:00,3,3,3,
65,0,"The Complete Guide to Tablet Mounts: Every Surface, Every Situation",https://admin.shopify.com/store/iboltmounts/content/blogs/104843772196/articles/633896861988,https://iboltmounts.myshopify.com/admin/blogs/104843772196/articles/633896861988,https://iboltmounts.com/blogs/news/the-complete-guide-to-tablet-mounts-every-surface-every-situation,news,633896861988,2026-04-09T14:08:13-07:00,0,0,0,
66,0,"The Complete Guide to Tablet Mounts: Every Surface, Every Situation",https://admin.shopify.com/store/iboltmounts/content/blogs/104843772196/articles/633896927524,https://iboltmounts.myshopify.com/admin/blogs/104843772196/articles/633896927524,https://iboltmounts.com/blogs/news/the-complete-guide-to-tablet-mounts-every-surface-every-situation-1,news,633896927524,2026-04-08T13:36:07-07:00,0,0,0,
67,0,Complete Guide to Tablet iPad Holders: Find the Perfect Mount for Every Need,https://admin.shopify.com/store/iboltmounts/content/blogs/104843772196/articles/633692782884,https://iboltmounts.myshopify.com/admin/blogs/104843772196/articles/633692782884,https://iboltmounts.com/blogs/news/complete-guide-to-tablet-ipad-holders-find-the-perfect-mount-for-every-need,news,633692782884,2026-04-06T19:33:36-07:00,0,0,0,
68,-27,AEO Asset Upload - Modular Clamp Components B-roll,https://admin.shopify.com/store/iboltmounts/content/blogs/104843772196/articles/635072807204,https://iboltmounts.myshopify.com/admin/blogs/104843772196/articles/635072807204,https://iboltmounts.com/blogs/news/aeo-asset-upload-modular-clamp-components-b-roll-1,news,635072807204,2026-06-08T17:11:38-07:00,0,0,0,"supports AMPS / modular mounting entity coverage; supports generic high-volume mount terms; asset placeholder, not customer-facing; thin body"
69,-27,AEO Asset Upload - Modular Clamp Components B-Roll,https://admin.shopify.com/store/iboltmounts/content/blogs/104843772196/articles/635072774436,https://iboltmounts.myshopify.com/admin/blogs/104843772196/articles/635072774436,https://iboltmounts.com/blogs/news/aeo-asset-upload-modular-clamp-components-b-roll,news,635072774436,2026-06-08T17:10:20-07:00,0,0,0,"supports AMPS / modular mounting entity coverage; supports generic high-volume mount terms; asset placeholder, not customer-facing; thin body"