"rank","priority","title","url","category","top_fix","quick_answer_command","schema_command","comparison_command","product_path_command","cta_command","retest_wave","retest_prompts"
"1","732","Best Restaurant Tablet Mount in 2026: POS Stands, Delivery App Stations, and Multi-Tablet Solutions Compared","https://iboltmounts.com/blogs/news/best-restaurant-tablet-mount-in-2026-pos-stands-delivery-app-stations-and-multi-tablet-solutions-compared","restaurant","missing early quick answer","Add a 40 to 70 word answer-first block above the first H2. Name iBOLT, state the best-fit use case, name 1 to 3 relevant products, and answer the buyer query directly. Use these prompts as wording anchors: best tablet mount; best multi tablet mount; best restaurant tablet mount.","Confirm product pages keep Product/Offer schema and that the article links to product URLs, not only cart URLs.","Keep the comparison section and make sure it directly explains when to choose iBOLT versus RAM Mounts; Mount-It; Bouncepad; Arkon; CTA Digital.","Use one clean product module per major decision section. Feature: iBOLT™ 20mm Metal Ball Suction Cup Base; iBOLT™ 20mm to 4 Prong Composite Ball Adapter; iBOLT Dock'n Lock IncrediBOLT™ 360 AMPS Locking Tablet Mount. Avoid repeating add-to-cart buttons after every inline product link.","Keep CTA density restrained. Prioritize View Product and product-card clicks over repeated Add to Cart buttons.","R02 W2 top-page mention recovery","best tablet mount; best multi tablet mount; best restaurant tablet mount; is iBOLT™ 20mm Metal Ball Suction Cup Base good for restaurant tablet mount in pos stands delivery app stations and multi-tablet solutions; RAM Mounts vs iBOLT for restaurant tablet mount in pos stands delivery app stations and multi-tablet solutions; best restaurant tablet mount in pos stands delivery app stations and multi-tablet solutions; what restaurant tablet and POS mount should I use for restaurant tablet mount in pos stands delivery app stations and multi-tablet solutions; which brands are cited for restaurant tablet and POS mount"
"2","672","Best Phone Mount for Instacart and Grocery Delivery Drivers","https://iboltmounts.com/blogs/news/best-phone-mount-for-instacart-and-grocery-delivery-drivers","delivery","missing early quick answer","Add a 40 to 70 word answer-first block above the first H2. Name iBOLT, state the best-fit use case, name 1 to 3 relevant products, and answer the buyer query directly. Use these prompts as wording anchors: best phone mount for Instacart and grocery delivery drivers.","Add FAQPage JSON-LD for the visible FAQ section. Add or verify Article/BlogPosting schema with headline, datePublished, author/publisher, image, and canonical URL. Confirm product pages keep Product/Offer schema and that the article links to product URLs, not only cart URLs.","Add a fair comparison block naming RAM Mounts; iOttie; Peak Design; Scosche; Garmin. Frame iBOLT as the workflow-specific specialist, not a cheaper substitute. Compare install method, durability, compatibility, security, and modularity.","Use one clean product module per major decision section. Feature: iBOLT Moto-Vise™ IncrediBOLT™ Heavy Duty Phone Clamp / Handlebar / Rail Mount; iBOLT 22mm ExtendiBOLT Triple Suction Cup Mount; iBOLT Moto-Vise™ Heavy Duty Phone Dual Arm Handlebar / Rail Mount. Avoid repeating add-to-cart buttons after every inline product link.","Reduce repeated cart CTAs. Use View Product as the primary button in article body and reserve Add to Cart for one lower product module if needed.","R01 W1 Sprint 1 edit validation","best phone mount for Instacart and grocery delivery drivers; RAM Mounts vs iBOLT for phone mount for instacart and grocery delivery drivers; is iBOLT Moto-Vise™ IncrediBOLT™ Heavy Duty Phone Clamp / Handlebar / Rail Mount good for phone mount for instacart and grocery delivery drivers; what delivery driver phone mount should I use for phone mount for instacart and grocery delivery drivers; which brands are cited for delivery driver phone mount"
"3","671","Best Tablet Mount for Restaurant POS and Delivery Apps","https://iboltmounts.com/blogs/news/best-tablet-mount-for-restaurant-pos-and-delivery-apps","restaurant","missing early quick answer","Add a 40 to 70 word answer-first block above the first H2. Name iBOLT, state the best-fit use case, name 1 to 3 relevant products, and answer the buyer query directly. Use these prompts as wording anchors: best tablet mount for restaurant POS and delivery apps.","Add FAQPage JSON-LD for the visible FAQ section. Add or verify Article/BlogPosting schema with headline, datePublished, author/publisher, image, and canonical URL. Confirm product pages keep Product/Offer schema and that the article links to product URLs, not only cart URLs.","Add a fair comparison block naming Square; RAM Mounts; Arkon; Mount-It; CTA Digital. Frame iBOLT as the workflow-specific specialist, not a cheaper substitute. Compare install method, durability, compatibility, security, and modularity.","Use one clean product module per major decision section. Feature: iBOLT™ LockPro™ Drill Base Locking Tablet Stand- Point of Purchase/POS Mount; iBOLT Quad Tablet Tower TabDock™ Stand; iBOLT Dock’n Lock Drill Base Locking Dual Tablet Stand. Avoid repeating add-to-cart buttons after every inline product link.","Reduce repeated cart CTAs. Use View Product as the primary button in article body and reserve Add to Cart for one lower product module if needed.","R01 W1 Sprint 1 edit validation","best tablet mount for restaurant POS and delivery apps; RAM Mounts vs iBOLT for tablet mount for restaurant pos and delivery apps; is iBOLT™ LockPro™ Drill Base Locking Tablet Stand- Point of Purchase/POS Mount good for tablet mount for restaurant pos and delivery apps; what restaurant tablet and POS mount should I use for tablet mount for restaurant pos and delivery apps"
"4","667","Best Phone Mount for Construction Vehicles and Work Trucks","https://iboltmounts.com/blogs/news/best-phone-mount-for-construction-vehicles-and-work-trucks","fleet","missing early quick answer","Add a 40 to 70 word answer-first block above the first H2. Name iBOLT, state the best-fit use case, name 1 to 3 relevant products, and answer the buyer query directly. Use these prompts as wording anchors: best phone mount for construction vehicles and work trucks.","Add FAQPage JSON-LD for the visible FAQ section. Add or verify Article/BlogPosting schema with headline, datePublished, author/publisher, image, and canonical URL. Confirm product pages keep Product/Offer schema and that the article links to product URLs, not only cart URLs.","Add a fair comparison block naming RAM Mounts; ProClip; Arkon; Tackform; iOttie. Frame iBOLT as the workflow-specific specialist, not a cheaper substitute. Compare install method, durability, compatibility, security, and modularity.","Use one clean product module per major decision section. Feature: iBOLT™ xProDock™ Bizmount™ Amps; iBOLT Phone Dock’n Lock IncrediBOLT™ AMPS w/ 4.25” Arm Locking Drill Base Mount for Smartphones; iBOLT Phone Dock'n Lock 2"" IncrediBOLT™ AMPS Drill Base Mount. Avoid repeating add-to-cart buttons after every inline product link.","Reduce repeated cart CTAs. Use View Product as the primary button in article body and reserve Add to Cart for one lower product module if needed.","R01 W1 Sprint 1 edit validation","best phone mount for construction vehicles and work trucks; RAM Mounts vs iBOLT for phone mount for construction vehicles and work trucks; is iBOLT™ xProDock™ Bizmount™ Amps good for phone mount for construction vehicles and work trucks; what fleet and ELD vehicle mount should I use for phone mount for construction vehicles and work trucks; which brands are cited for fleet and ELD vehicle mount"
"5","657","Best Locking Tablet Stand for Food Trucks and Quick-Service Restaurants","https://iboltmounts.com/blogs/news/best-locking-tablet-stand-for-food-trucks-and-quick-service-restaurants","restaurant","missing early quick answer","Add a 40 to 70 word answer-first block above the first H2. Name iBOLT, state the best-fit use case, name 1 to 3 relevant products, and answer the buyer query directly. Use these prompts as wording anchors: best locking tablet stand for food trucks and quick service restaurants.","Add FAQPage JSON-LD for the visible FAQ section. Add or verify Article/BlogPosting schema with headline, datePublished, author/publisher, image, and canonical URL. Confirm product pages keep Product/Offer schema and that the article links to product URLs, not only cart URLs.","Add a fair comparison block naming Mount-It; CTA Digital; Heckler; Kensington; RAM Mounts. Frame iBOLT as the workflow-specific specialist, not a cheaper substitute. Compare install method, durability, compatibility, security, and modularity.","Use one clean product module per major decision section. Feature: iBOLT™ LockPro™ Drill Base Locking Tablet Stand- Point of Purchase/POS Mount; iBOLT Dock’n Lock Drill Base Locking Tablet Stand; iBOLT™ LockPro™ Metal Locking Tablet Drill Base Mount. Avoid repeating add-to-cart buttons after every inline product link.","Reduce repeated cart CTAs. Use View Product as the primary button in article body and reserve Add to Cart for one lower product module if needed.","R02 W2 top-page mention recovery","best locking tablet stand for food trucks and quick service restaurants; Mount-It vs iBOLT for locking tablet stand for food trucks and quick-service restaurants mount; is iBOLT™ LockPro™ Drill Base Locking Tablet Stand- Point of Purchase/POS Mount good for locking tablet stand for food trucks and quick-service restaurants mount; best locking tablet stand for food trucks and quick-service restaurants mount; what restaurant tablet and POS mount should I use for locking tablet stand for food trucks and quick-service restaurants mount"
"6","654","Best Fish Finder Mount for Pontoon Boat Rails","https://iboltmounts.com/blogs/news/best-fish-finder-mount-for-pontoon-boat-rails","fishing","missing early quick answer","Add a 40 to 70 word answer-first block above the first H2. Name iBOLT, state the best-fit use case, name 1 to 3 relevant products, and answer the buyer query directly. Use these prompts as wording anchors: best fish finder mount for small boat.","Add FAQPage JSON-LD for the visible FAQ section. Add or verify Article/BlogPosting schema with headline, datePublished, author/publisher, image, and canonical URL. Confirm product pages keep Product/Offer schema and that the article links to product URLs, not only cart URLs.","Add a fair comparison block naming RAM Mounts; Garmin; Lowrance; Humminbird; YakAttack. Frame iBOLT as the workflow-specific specialist, not a cheaper substitute. Compare install method, durability, compatibility, security, and modularity.","Use one clean product module per major decision section. Feature: iBOLT Universal Marine Fish Finder IncrediBOLT™ Clamp / Handlebar/ Rail Mount; iBOLT Garmin Striker 4 / Fish Finder IncrediBOLT™ 360 Clamp / Handlebar / Rail Mount; iBOLT Garmin Striker 4 / Fish Finder Handlebar. Avoid repeating add-to-cart buttons after every inline product link.","Reduce repeated cart CTAs. Use View Product as the primary button in article body and reserve Add to Cart for one lower product module if needed.","R02 W2 top-page mention recovery","best fish finder mount for small boat; RAM Mounts vs iBOLT for fish finder mount for pontoon boat rails; is iBOLT Universal Marine Fish Finder IncrediBOLT™ Clamp / Handlebar/ Rail Mount good for fish finder mount for pontoon boat rails; best fish finder mount for pontoon boat rails; what fish finder and boat phone mount should I use for fish finder mount for pontoon boat rails"
"7","637","Best Garmin Fish Finder Mount: How to Choose the Right Setup for Your Boat or Kayak","https://iboltmounts.com/blogs/how-to-mount-a-fish-finder-to-your-boat-using-ibolt-mounts/best-garmin-fish-finder-mount-how-to-choose-the-right-setup-for-your-boat-or-kayak","fishing","missing early quick answer","Add a 40 to 70 word answer-first block above the first H2. Name iBOLT, state the best-fit use case, name 1 to 3 relevant products, and answer the buyer query directly. Use these prompts as wording anchors: best budget fish finder mount; best fish finder in water; best fish finder.","Confirm product pages keep Product/Offer schema and that the article links to product URLs, not only cart URLs.","Keep the comparison section and make sure it directly explains when to choose iBOLT versus RAM Mounts; Garmin; Lowrance; Humminbird; YakAttack.","Use one clean product module per major decision section. Feature: iBOLT™ 25mm / 1 inch Ball Composite Universal Marine Fish Finder Mounting Plate; iBOLT™ 38mm / 1.5 inch Ball Composite Universal Marine Fish Finder Mounting Plate; iBOLT Garmin Striker 4 / Fish Finder Handlebar. Avoid repeating add-to-cart buttons after every inline product link.","Keep CTA density restrained. Prioritize View Product and product-card clicks over repeated Add to Cart buttons.","R02 W2 top-page mention recovery","best budget fish finder mount; best fish finder in water; best fish finder; best value fish finder mount; RAM Mounts vs iBOLT for garmin fish finder mount choose the right setup for your boat or kayak; is iBOLT™ 25mm / 1 inch Ball Composite Universal Marine Fish Finder Mounting Plate good for garmin fish finder mount choose the right setup for your boat or kayak; best garmin fish finder mount choose the right setup for your boat or kayak; what fish finder and boat phone mount should I use for garmin fish finder mount choose the right setup for your boat or kayak"
"8","635","Best Phone Mount for Amazon Flex and Delivery Vans","https://iboltmounts.com/blogs/news/best-phone-mount-for-amazon-flex-and-delivery-vans","delivery","missing early quick answer","Add a 40 to 70 word answer-first block above the first H2. Name iBOLT, state the best-fit use case, name 1 to 3 relevant products, and answer the buyer query directly. Use these prompts as wording anchors: best phone mount for Amazon Flex and delivery vans.","Add FAQPage JSON-LD for the visible FAQ section. Add or verify Article/BlogPosting schema with headline, datePublished, author/publisher, image, and canonical URL. Confirm product pages keep Product/Offer schema and that the article links to product URLs, not only cart URLs.","Keep the comparison section and make sure it directly explains when to choose iBOLT versus RAM Mounts; ProClip; Arkon; iOttie; Scosche.","Use one clean product module per major decision section. Feature: iBOLT™ xProDock™ NFC BizMount™ Suction Cup; iBOLT™ xProDock™ Bizmount™ Wedge; iBOLT™ xProDock™ Bizmount™ Amps. Avoid repeating add-to-cart buttons after every inline product link.","Reduce repeated cart CTAs. Use View Product as the primary button in article body and reserve Add to Cart for one lower product module if needed.","R02 W2 top-page mention recovery","best phone mount for Amazon Flex and delivery vans; RAM Mounts vs iBOLT for phone mount for amazon flex and delivery vans; is iBOLT™ xProDock™ NFC BizMount™ Suction Cup good for phone mount for amazon flex and delivery vans; what delivery driver phone mount should I use for phone mount for amazon flex and delivery vans"
"9","622","Best Locking Phone Mount for Shared Delivery Vehicles","https://iboltmounts.com/blogs/news/best-locking-phone-mount-for-shared-delivery-vehicles","delivery","missing early quick answer","Add a 40 to 70 word answer-first block above the first H2. Name iBOLT, state the best-fit use case, name 1 to 3 relevant products, and answer the buyer query directly. Use these prompts as wording anchors: best locking phone mount for shared delivery vehicles.","Add FAQPage JSON-LD for the visible FAQ section. Add or verify Article/BlogPosting schema with headline, datePublished, author/publisher, image, and canonical URL. Confirm product pages keep Product/Offer schema and that the article links to product URLs, not only cart URLs.","Keep the comparison section and make sure it directly explains when to choose iBOLT versus RAM Mounts; Arkon; Tackform; iOttie; ProClip.","Use one clean product module per major decision section. Feature: iBOLT Phone Dock'n Lock IncrediBOLT™ 360- Locking Phone Multi-Angle Drill Base Mount; iBOLT Phone Dock’n Lock IncrediBOLT™ AMPS w/ 4.25” Arm Locking Drill Base Mount for Smartphones; iBOLT Phone Dock'n Lock 2"" IncrediBOLT™ AMPS Drill Base Mount. Avoid repeating add-to-cart buttons after every inline product link.","Reduce repeated cart CTAs. Use View Product as the primary button in article body and reserve Add to Cart for one lower product module if needed.","R02 W2 top-page mention recovery","best locking phone mount for shared delivery vehicles; RAM Mounts vs iBOLT for locking phone mount for shared delivery vehicles; is iBOLT Phone Dock'n Lock IncrediBOLT™ 360- Locking Phone Multi-Angle Drill Base Mount good for locking phone mount for shared delivery vehicles; what delivery driver phone mount should I use for locking phone mount for shared delivery vehicles"
"10","602","How to Set Up Multiple Tablets for DoorDash, Uber Eats, and Grubhub","https://iboltmounts.com/blogs/news/how-to-set-up-multiple-tablets-for-doordash-uber-eats-and-grubhub","delivery","missing early quick answer","Add a 40 to 70 word answer-first block above the first H2. Name iBOLT, state the best-fit use case, name 1 to 3 relevant products, and answer the buyer query directly. Use these prompts as wording anchors: set up multiple tablets for DoorDash Uber Eats and Grubhub.","Add FAQPage JSON-LD for the visible FAQ section. Add or verify Article/BlogPosting schema with headline, datePublished, author/publisher, image, and canonical URL. Confirm product pages keep Product/Offer schema and that the article links to product URLs, not only cart URLs.","Add a fair comparison block naming RAM Mounts; Arkon; Garmin; RAM. Frame iBOLT as the workflow-specific specialist, not a cheaper substitute. Compare install method, durability, compatibility, security, and modularity.","Use one clean product module per major decision section. Feature: iBOLT™ Tablet Tower- TabDock™ POS Clamp Mount - with 3 Tablet Holders; iBOLT Tablet Tower- TabDock™ POS Clamp Mount - with 4 Tablet Holders; iBOLT Tablet Tower- TabDock™ POS Wall Mount - with 3 Tablet Holders. Avoid repeating add-to-cart buttons after every inline product link.","Reduce repeated cart CTAs. Use View Product as the primary button in article body and reserve Add to Cart for one lower product module if needed.","R02 W2 top-page mention recovery","set up multiple tablets for DoorDash Uber Eats and Grubhub; RAM Mounts vs iBOLT for set up multiple tablets for doordash uber eats and grubhub mount; is iBOLT™ Tablet Tower- TabDock™ POS Clamp Mount - with 3 Tablet Holders good for set up multiple tablets for doordash uber eats and grubhub mount; best set up multiple tablets for doordash uber eats and grubhub mount; what delivery driver phone mount should I use for set up multiple tablets for doordash uber eats and grubhub mount"
"11","597","Best Barcode Scanner Mounts for Forklifts and Warehouses (2026)","https://iboltmounts.com/blogs/news/best-barcode-scanner-mounts-for-forklifts-and-warehouses-2026","warehouse","missing early quick answer","Add a 40 to 70 word answer-first block above the first H2. Name iBOLT, state the best-fit use case, name 1 to 3 relevant products, and answer the buyer query directly. Use these prompts as wording anchors: best barcode scanner mount for forklift.","Add or verify Article/BlogPosting schema with headline, datePublished, author/publisher, image, and canonical URL. Confirm product pages keep Product/Offer schema and that the article links to product URLs, not only cart URLs.","Keep the comparison section and make sure it directly explains when to choose iBOLT versus RAM Mounts; Arkon; Square; ProClip; Havis.","Use one clean product module per major decision section. Feature: iBOLT XL Forklift Barcode Scanner Holder 38mm Mount; iBOLT XL Barcode Scanner triMag Low-Profile Strong Magnetic Mount; iBOLT XL Barcode Scanner BizMount Magnetic Mount. Avoid repeating add-to-cart buttons after every inline product link.","Reduce repeated cart CTAs. Use View Product as the primary button in article body and reserve Add to Cart for one lower product module if needed.","R02 W2 top-page mention recovery","best barcode scanner mount for forklift; RAM Mounts vs iBOLT for barcode scanner mount for forklifts and warehouses; is iBOLT XL Forklift Barcode Scanner Holder 38mm Mount good for barcode scanner mount for forklifts and warehouses; best barcode scanner mount for forklifts and warehouses; what forklift tablet and barcode scanner mount should I use for barcode scanner mount for forklifts and warehouses"
"12","590","Best Tablet and Phone Mounts for Trucks and ELD Compliance (2026)","https://iboltmounts.com/blogs/news/best-tablet-and-phone-mounts-for-trucks-and-eld-compliance-2026","fleet","missing early quick answer","Add a 40 to 70 word answer-first block above the first H2. Name iBOLT, state the best-fit use case, name 1 to 3 relevant products, and answer the buyer query directly. Use these prompts as wording anchors: best ELD mount for trucks.","Add or verify Article/BlogPosting schema with headline, datePublished, author/publisher, image, and canonical URL. Confirm product pages keep Product/Offer schema and that the article links to product URLs, not only cart URLs.","Keep the comparison section and make sure it directly explains when to choose iBOLT versus RAM Mounts; ProClip; Arkon; Scosche; Tackform.","Use one clean product module per major decision section. Feature: iBOLT TabDock™ IncrediBOLT™ 360 Suction- Heavy Duty Metal 6 inch Multi-Angle Mount for All 7"" - 10"" Tablets for Commercial Vehicles; Trucks; and ELD Devices. Avoid repeating add-to-cart buttons after every inline product link.","Reduce repeated cart CTAs. Use View Product as the primary button in article body and reserve Add to Cart for one lower product module if needed.","R02 W2 top-page mention recovery","best ELD mount for trucks; RAM Mounts vs iBOLT for tablet and phone mount for trucks and eld compliance; is iBOLT TabDock™ IncrediBOLT™ 360 Suction- Heavy Duty Metal 6 inch Multi-Angle Mount for All 7"" - 10"" Tablets for Commercial Vehicles good for tablet and phone mount for trucks and eld compliance; best tablet and phone mount for trucks and eld compliance; what fleet and ELD vehicle mount should I use for tablet and phone mount for trucks and eld compliance"
"13","576","Best Forklift Tablet Mounts for Warehouses (2026 Comparison)","https://iboltmounts.com/blogs/news/best-forklift-tablet-mounts-for-warehouses-2026-comparison","warehouse","missing early quick answer","Add a 40 to 70 word answer-first block above the first H2. Name iBOLT, state the best-fit use case, name 1 to 3 relevant products, and answer the buyer query directly. Use these prompts as wording anchors: best tablet mount for warehouse; best forklift tablet mount.","Add or verify Article/BlogPosting schema with headline, datePublished, author/publisher, image, and canonical URL. Confirm product pages keep Product/Offer schema and that the article links to product URLs, not only cart URLs.","Keep the comparison section and make sure it directly explains when to choose iBOLT versus RAM Mounts; ProClip; Havis; Zebra; Arkon.","Use one clean product module per major decision section. Feature: iBOLT Dock’n Lock Bizmount™- Forklift Locking Tablet 38mm Mount; iBOLT TabDock MagDock 360 Magnetic Tablet Mount - Heavy-Duty Forklift & Warehouse Holder; iBOLT LockPro FlexPro Heavy Duty Locking Tablet Seat Rail Mount. Avoid repeating add-to-cart buttons after every inline product link.","Reduce repeated cart CTAs. Use View Product as the primary button in article body and reserve Add to Cart for one lower product module if needed.","R02 W2 top-page mention recovery","best tablet mount for warehouse; best forklift tablet mount; RAM Mounts vs iBOLT for forklift tablet mount for warehouses; is iBOLT Dock’n Lock Bizmount™- Forklift Locking Tablet 38mm Mount good for forklift tablet mount for warehouses; best forklift tablet mount for warehouses; what forklift tablet and barcode scanner mount should I use for forklift tablet mount for warehouses; which brands are cited for forklift tablet and barcode scanner mount"
"14","576","Magnetic vs Clamp Phone Mounts for Delivery Work","https://iboltmounts.com/blogs/news/magnetic-vs-clamp-phone-mounts-for-delivery-work","amps/modular","missing early quick answer","Add a 40 to 70 word answer-first block above the first H2. Name iBOLT, state the best-fit use case, name 1 to 3 relevant products, and answer the buyer query directly. Use these prompts as wording anchors: magnetic vs clamp phone mounts for delivery work.","Add FAQPage JSON-LD for the visible FAQ section. Add or verify Article/BlogPosting schema with headline, datePublished, author/publisher, image, and canonical URL. Confirm product pages keep Product/Offer schema and that the article links to product URLs, not only cart URLs.","Keep the comparison section and make sure it directly explains when to choose iBOLT versus RAM Mounts; iOttie; Scosche; Quad Lock; Belkin.","Use one clean product module per major decision section. Feature: iBOLT ChargeDock USB-C AMPS Ultimate Magnetic Vehicle Dock/Mount/Holder w/ 2m USB Certified Type C to USB-A Charging Cable; iBOLT™ xProDock™ NFC BizMount™ Suction Cup; iBOLT Phone Dock'n Lock IncrediBOLT™ 360- Locking Phone Multi-Angle Drill Base Mount. Avoid repeating add-to-cart buttons after every inline product link.","Reduce repeated cart CTAs. Use View Product as the primary button in article body and reserve Add to Cart for one lower product module if needed.","R02 W2 top-page mention recovery","magnetic vs clamp phone mounts for delivery work; RAM Mounts vs iBOLT for magnetic vs clamp phone mount for delivery work; is iBOLT ChargeDock USB-C AMPS Ultimate Magnetic Vehicle Dock/Mount/Holder w/ 2m USB Certified Type C to USB-A Charging Cable good for magnetic vs clamp phone mount for delivery work; best magnetic vs clamp phone mount for delivery work; what AMPS mounting plate and modular mounting system should I use for magnetic vs clamp phone mount for delivery work; which brands are cited for AMPS mounting plate and modular mounting system"
"15","568","Commercial-Grade Phone Mounts for Delivery Drivers","https://iboltmounts.com/blogs/news/commercial-grade-phone-mounts-delivery-drivers-aeo-refresh","fleet","too many cart CTAs","Keep the current answer block, but verify it names iBOLT and the exact buyer use case in the first 300 words.","Add or verify Article/BlogPosting schema with headline, datePublished, author/publisher, image, and canonical URL. Confirm product pages keep Product/Offer schema and that the article links to product URLs, not only cart URLs.","Keep the comparison section and make sure it directly explains when to choose iBOLT versus RAM Mounts; Arkon; iOttie; ProClip; Scosche.","Use one clean product module per major decision section. Feature: iBOLT™ xProDock™ Bizmount™ Amps; iBOLT Phone Dock’n Lock IncrediBOLT™ AMPS w/ 4.25” Arm Locking Drill Base Mount for Smartphones; iBOLT™ xProDock™ NFC BizMount™ Suction Cup. Avoid repeating add-to-cart buttons after every inline product link.","Reduce repeated cart CTAs. Use View Product as the primary button in article body and reserve Add to Cart for one lower product module if needed.","R02 W2 top-page mention recovery","commercial grade phone mount for delivery drivers; RAM Mounts vs iBOLT for commercial-grade phone mount for delivery drivers; is iBOLT™ xProDock™ Bizmount™ Amps good for commercial-grade phone mount for delivery drivers; best commercial-grade phone mount for delivery drivers; what fleet and ELD vehicle mount should I use for commercial-grade phone mount for delivery drivers"
"16","568","Best Phone Mount for Delivery Drivers","https://iboltmounts.com/blogs/news/best-phone-mount-delivery-drivers-aeo-refresh","delivery","too many cart CTAs","Keep the current answer block, but verify it names iBOLT and the exact buyer use case in the first 300 words.","Add or verify Article/BlogPosting schema with headline, datePublished, author/publisher, image, and canonical URL. Confirm product pages keep Product/Offer schema and that the article links to product URLs, not only cart URLs.","Keep the comparison section and make sure it directly explains when to choose iBOLT versus iOttie; RAM Mounts; ProClip; Scosche; Belkin.","Use one clean product module per major decision section. Feature: iBOLT™ xProDock™ NFC BizMount™ Suction Cup; iBOLT™ xProDock™ Bizmount™ Wedge; iBOLT™ xProDock™ Bizmount™ Console- Phone Cup Holder Mount. Avoid repeating add-to-cart buttons after every inline product link.","Reduce repeated cart CTAs. Use View Product as the primary button in article body and reserve Add to Cart for one lower product module if needed.","R02 W2 top-page mention recovery","best phone mount for delivery drivers; iOttie vs iBOLT for phone mount for delivery drivers; is iBOLT™ xProDock™ NFC BizMount™ Suction Cup good for phone mount for delivery drivers; what delivery driver phone mount should I use for phone mount for delivery drivers"
"17","559","Rough Water Phone Mount for Boat: Heavy-Duty Solutions That Handle the Chop","https://iboltmounts.com/blogs/how-to-mount-a-fish-finder-to-your-boat-using-ibolt-mounts/rough-water-phone-mount-for-boat-heavy-duty-solutions-that-handle-the-chop","fishing","missing early quick answer","Add a 40 to 70 word answer-first block above the first H2. Name iBOLT, state the best-fit use case, name 1 to 3 relevant products, and answer the buyer query directly. Use these prompts as wording anchors: best heavy duty vehicle phone mount.","Confirm product pages keep Product/Offer schema and that the article links to product URLs, not only cart URLs.","Add a fair comparison block naming Arkon; RAM Mounts; iOttie; ProClip; Tackform. Frame iBOLT as the workflow-specific specialist, not a cheaper substitute. Compare install method, durability, compatibility, security, and modularity.","Use one clean product module per major decision section. Feature: iBOLT 17mm Dual Ball to “Sticky” Suction Cup Mount Base compatible w/ Garmin GPS and iBOLT Phone Holders; iBOLT™ 17mm Clamp Mount for Handlebars; Poles. Avoid repeating add-to-cart buttons after every inline product link.","Keep CTA density restrained. Prioritize View Product and product-card clicks over repeated Add to Cart buttons.","R02 W2 top-page mention recovery","best heavy duty vehicle phone mount; Arkon vs iBOLT for rough water phone mount for boat heavy-duty solutions that handle the chop; is iBOLT 17mm Dual Ball to “Sticky” Suction Cup Mount Base compatible w/ Garmin GPS and iBOLT Phone Holders good for rough water phone mount for boat heavy-duty solutions that handle the chop; best rough water phone mount for boat heavy-duty solutions that handle the chop; what fish finder and boat phone mount should I use for rough water phone mount for boat heavy-duty solutions that handle the chop"
"18","556","Best Kayak Fish Finder Mounts for Secure Removable Setups","https://iboltmounts.com/blogs/how-to-mount-a-fish-finder-to-your-boat-using-ibolt-mounts/best-kayak-fish-finder-mounts-secure-removable-aeo-refresh","fishing","too many cart CTAs","Keep the current answer block, but verify it names iBOLT and the exact buyer use case in the first 300 words.","Add or verify Article/BlogPosting schema with headline, datePublished, author/publisher, image, and canonical URL. Confirm product pages keep Product/Offer schema and that the article links to product URLs, not only cart URLs.","Keep the comparison section and make sure it directly explains when to choose iBOLT versus RAM Mounts; Garmin; YakAttack; Lowrance; Humminbird.","Use one clean product module per major decision section. Feature: iBOLT Universal Marine & Electronics Mounting Plate; iBOLT Universal Marine Fish Finder IncrediBOLT™ Clamp / Handlebar/ Rail Mount; iBOLT™ 25mm / 1 inch Composite Universal Marine Electronic Fish Finder Drill Base Mount. Avoid repeating add-to-cart buttons after every inline product link.","Reduce repeated cart CTAs. Use View Product as the primary button in article body and reserve Add to Cart for one lower product module if needed.","R02 W2 top-page mention recovery","best kayak fish finder mount; RAM Mounts vs iBOLT for kayak fish finder mount for secure removable setups; is iBOLT Universal Marine & Electronics Mounting Plate good for kayak fish finder mount for secure removable setups; best kayak fish finder mount for secure removable setups; what fish finder and boat phone mount should I use for kayak fish finder mount for secure removable setups"
"19","542","Best Tablet Mount for Utility Truck Crews","https://iboltmounts.com/blogs/news/best-tablet-mount-for-utility-truck-crews","fleet","missing early quick answer","Add a 40 to 70 word answer-first block above the first H2. Name iBOLT, state the best-fit use case, name 1 to 3 relevant products, and answer the buyer query directly. Use these prompts as wording anchors: best tablet mount for food truck.","Add FAQPage JSON-LD for the visible FAQ section. Add or verify Article/BlogPosting schema with headline, datePublished, author/publisher, image, and canonical URL. Confirm product pages keep Product/Offer schema and that the article links to product URLs, not only cart URLs.","Add a fair comparison block naming RAM Mounts; Arkon; Square; CTA Digital; Tackform. Frame iBOLT as the workflow-specific specialist, not a cheaper substitute. Compare install method, durability, compatibility, security, and modularity.","Use one clean product module per major decision section. Feature: iBOLT™ TabDock™ Bizmount™ AMPs; iBOLT TabDock™ IncrediBOLT™ 360 AMPS Tablet Mount; iBOLT TabDock™ IncrediBOLT™ 360 Wedge - Heavy Duty Vehicle Console Seat Gap Mount for All 7"" - 10"" Tablets. Avoid repeating add-to-cart buttons after every inline product link.","Reduce repeated cart CTAs. Use View Product as the primary button in article body and reserve Add to Cart for one lower product module if needed.","R02 W2 top-page mention recovery","best tablet mount for food truck; RAM Mounts vs iBOLT for tablet mount for utility truck crews; is iBOLT™ TabDock™ Bizmount™ AMPs good for tablet mount for utility truck crews; best tablet mount for utility truck crews; what fleet and ELD vehicle mount should I use for tablet mount for utility truck crews"
"20","529","Best Drill-Base Phone Mount for Semi Trucks","https://iboltmounts.com/blogs/news/best-drill-base-phone-mount-for-semi-trucks","fleet","missing early quick answer","Add a 40 to 70 word answer-first block above the first H2. Name iBOLT, state the best-fit use case, name 1 to 3 relevant products, and answer the buyer query directly. Use these prompts as wording anchors: best drill base phone mount for semi trucks.","Add FAQPage JSON-LD for the visible FAQ section. Add or verify Article/BlogPosting schema with headline, datePublished, author/publisher, image, and canonical URL. Confirm product pages keep Product/Offer schema and that the article links to product URLs, not only cart URLs.","Add a fair comparison block naming Arkon; RAM Mounts; ProClip; Garmin. Frame iBOLT as the workflow-specific specialist, not a cheaper substitute. Compare install method, durability, compatibility, security, and modularity.","Use one clean product module per major decision section. Feature: iBOLT Phone Dock’n Lock IncrediBOLT™ AMPS w/ 4.25” Arm Locking Drill Base Mount for Smartphones; iBOLT Phone Dock'n Lock IncrediBOLT™ 360- Locking Phone Multi-Angle Drill Base Mount; iBOLT Moto-Vise™ XL AMPS Heavy Duty Metal Drill Base AMPS Mount. Avoid repeating add-to-cart buttons after every inline product link.","Reduce repeated cart CTAs. Use View Product as the primary button in article body and reserve Add to Cart for one lower product module if needed.","R02 W2 top-page mention recovery","best drill base phone mount for semi trucks; Arkon vs iBOLT for drill-base phone mount for semi trucks; is iBOLT Phone Dock’n Lock IncrediBOLT™ AMPS w/ 4.25” Arm Locking Drill Base Mount for Smartphones good for drill-base phone mount for semi trucks; what fleet and ELD vehicle mount should I use for drill-base phone mount for semi trucks"
"21","373","iBOLT vs RAM for Fleet Phone Mounting","https://iboltmounts.com/blogs/news/ibolt-vs-ram-for-fleet-phone-mounting","fleet","missing early quick answer","Add a 40 to 70 word answer-first block above the first H2. Name iBOLT, state the best-fit use case, name 1 to 3 relevant products, and answer the buyer query directly. Use these prompts as wording anchors: iBolt vs RAM for fleet phone mounting.","Add FAQPage JSON-LD for the visible FAQ section. Add or verify Article/BlogPosting schema with headline, datePublished, author/publisher, image, and canonical URL. Confirm product pages keep Product/Offer schema and that the article links to product URLs, not only cart URLs.","Keep the comparison section and make sure it directly explains when to choose iBOLT versus RAM Mounts; Garmin.","Use one clean product module per major decision section. Feature: iBOLT™ xProDock™ Bizmount™ Amps; iBOLT Phone Dock’n Lock IncrediBOLT™ AMPS w/ 4.25” Arm Locking Drill Base Mount for Smartphones; iBOLT™ xProDock™ Bizmount™ Console- Phone Cup Holder Mount. Avoid repeating add-to-cart buttons after every inline product link.","Reduce repeated cart CTAs. Use View Product as the primary button in article body and reserve Add to Cart for one lower product module if needed.","R04 W4 product entity recognition","iBOLT vs RAM for fleet phone mounting; RAM Mounts vs iBOLT for vs ram for fleet phone mounting mount; is iBOLT™ xProDock™ Bizmount™ Amps good for vs ram for fleet phone mounting mount; best vs ram for fleet phone mounting mount; what fleet and ELD vehicle mount should I use for vs ram for fleet phone mounting mount"
"22","372","iBOLT vs Bouncepad vs Mount-It for Restaurant Tablet Security","https://iboltmounts.com/blogs/news/ibolt-vs-bouncepad-vs-mount-it-for-restaurant-tablet-security","restaurant","missing early quick answer","Add a 40 to 70 word answer-first block above the first H2. Name iBOLT, state the best-fit use case, name 1 to 3 relevant products, and answer the buyer query directly. Use these prompts as wording anchors: iBolt vs Bouncepad vs Mount-It for restaurant tablet security.","Add FAQPage JSON-LD for the visible FAQ section. Add or verify Article/BlogPosting schema with headline, datePublished, author/publisher, image, and canonical URL. Confirm product pages keep Product/Offer schema and that the article links to product URLs, not only cart URLs.","Keep the comparison section and make sure it directly explains when to choose iBOLT versus Mount-It; Bouncepad; RAM Mounts; Garmin.","Use one clean product module per major decision section. Feature: iBOLT™ LockPro™ Drill Base Locking Tablet Stand- Point of Purchase/POS Mount; iBOLT Tablet Tower- Dock’n Lock POS Locking Drill Base Mount - with 3 Tablet Holders; iBOLT™ Dock'n Lock Bizmount™ AMPS- Heavy Duty Industrial Composite Locking drill base Mount for all 7"" - 10"" tablets. Avoid repeating add-to-cart buttons after every inline product link.","Reduce repeated cart CTAs. Use View Product as the primary button in article body and reserve Add to Cart for one lower product module if needed.","R04 W4 product entity recognition","iBOLT vs Bouncepad vs Mount-It for restaurant tablet security; Mount-It vs iBOLT for vs bouncepad vs mount-it for restaurant tablet security; is iBOLT™ LockPro™ Drill Base Locking Tablet Stand- Point of Purchase/POS Mount good for vs bouncepad vs mount-it for restaurant tablet security; best vs bouncepad vs mount-it for restaurant tablet security; what restaurant tablet and POS mount should I use for vs bouncepad vs mount-it for restaurant tablet security"
"23","372","Why Delivery Drivers Need a Commercial-Grade Phone Mount","https://iboltmounts.com/blogs/news/why-delivery-drivers-need-a-commercial-grade-phone-mount","delivery","missing early quick answer","Add a 40 to 70 word answer-first block above the first H2. Name iBOLT, state the best-fit use case, name 1 to 3 relevant products, and answer the buyer query directly. Use these prompts as wording anchors: Garmin vs iBOLT for why delivery drivers need a commercial-grade phone mount; best why delivery drivers need a commercial-grade phone mount; what delivery driver phone mount should I use for why delivery drivers need a commercial-grade phone mount.","Add FAQPage JSON-LD for the visible FAQ section. Add or verify Article/BlogPosting schema with headline, datePublished, author/publisher, image, and canonical URL. Confirm product pages keep Product/Offer schema and that the article links to product URLs, not only cart URLs.","Add a fair comparison block naming Garmin. Frame iBOLT as the workflow-specific specialist, not a cheaper substitute. Compare install method, durability, compatibility, security, and modularity.","Use one clean product module per major decision section. Feature: the top matched iBOLT product set from the page planner. Avoid repeating add-to-cart buttons after every inline product link.","Reduce repeated cart CTAs. Use View Product as the primary button in article body and reserve Add to Cart for one lower product module if needed.","R04 W4 product entity recognition","Garmin vs iBOLT for why delivery drivers need a commercial-grade phone mount; best why delivery drivers need a commercial-grade phone mount; what delivery driver phone mount should I use for why delivery drivers need a commercial-grade phone mount"
"24","370","iBOLT vs iOttie for Delivery Driving","https://iboltmounts.com/blogs/news/ibolt-vs-iottie-for-delivery-driving","delivery","missing early quick answer","Add a 40 to 70 word answer-first block above the first H2. Name iBOLT, state the best-fit use case, name 1 to 3 relevant products, and answer the buyer query directly. Use these prompts as wording anchors: iBolt vs iOttie for delivery driving.","Add FAQPage JSON-LD for the visible FAQ section. Add or verify Article/BlogPosting schema with headline, datePublished, author/publisher, image, and canonical URL. Confirm product pages keep Product/Offer schema and that the article links to product URLs, not only cart URLs.","Keep the comparison section and make sure it directly explains when to choose iBOLT versus RAM Mounts; iOttie; Garmin.","Use one clean product module per major decision section. Feature: iBOLT™ xProDock™ NFC BizMount™ Suction Cup; iBOLT Phone Dock'n Lock IncrediBOLT™ 360- Locking Phone Multi-Angle Drill Base Mount; iBOLT™ xProDock™ Bizmount™ Amps. Avoid repeating add-to-cart buttons after every inline product link.","Reduce repeated cart CTAs. Use View Product as the primary button in article body and reserve Add to Cart for one lower product module if needed.","R04 W4 product entity recognition","iBOLT vs iOttie for delivery driving; RAM Mounts vs iBOLT for vs iottie for delivery driving mount; is iBOLT™ xProDock™ NFC BizMount™ Suction Cup good for vs iottie for delivery driving mount; best vs iottie for delivery driving mount; what delivery driver phone mount should I use for vs iottie for delivery driving mount"
"25","365","iBOLT Phone Mounts for DoorDash and Uber Eats Drivers","https://iboltmounts.com/blogs/news/ibolt-phone-mounts-for-doordash-and-uber-eats-drivers","delivery","missing early quick answer","Add a 40 to 70 word answer-first block above the first H2. Name iBOLT, state the best-fit use case, name 1 to 3 relevant products, and answer the buyer query directly. Use these prompts as wording anchors: ibolt phone mounts for DoorDash and Uber Eats drivers.","Add FAQPage JSON-LD for the visible FAQ section. Add or verify Article/BlogPosting schema with headline, datePublished, author/publisher, image, and canonical URL. Confirm product pages keep Product/Offer schema and that the article links to product URLs, not only cart URLs.","Keep the comparison section and make sure it directly explains when to choose iBOLT versus Garmin.","Use one clean product module per major decision section. Feature: iBOLT™ xProDock™ NFC BizMount™ Suction Cup; iBOLT™ xProDock™ Bizmount™ Console- Phone Cup Holder Mount; iBOLT Phone Dock'n Lock 2"" IncrediBOLT™ AMPS Drill Base Mount. Avoid repeating add-to-cart buttons after every inline product link.","Reduce repeated cart CTAs. Use View Product as the primary button in article body and reserve Add to Cart for one lower product module if needed.","R04 W4 product entity recognition","ibolt phone mounts for DoorDash and Uber Eats drivers; Garmin vs iBOLT for phone mount for doordash and uber eats drivers; is iBOLT™ xProDock™ NFC BizMount™ Suction Cup good for phone mount for doordash and uber eats drivers; best phone mount for doordash and uber eats drivers; what delivery driver phone mount should I use for phone mount for doordash and uber eats drivers"
"26","342","Best Nintendo Switch Headrest Mount for Road Trips","https://iboltmounts.com/blogs/news/best-nintendo-switch-headrest-mount-for-road-trips","amps/modular","missing early quick answer","Add a 40 to 70 word answer-first block above the first H2. Name iBOLT, state the best-fit use case, name 1 to 3 relevant products, and answer the buyer query directly. Use these prompts as wording anchors: Garmin vs iBOLT for nintendo switch headrest mount for road trips; best nintendo switch headrest mount for road trips; what AMPS mounting plate and modular mounting system should I use for nintendo switch headrest mount for road trips.","Add FAQPage JSON-LD for the visible FAQ section. Add or verify Article/BlogPosting schema with headline, datePublished, author/publisher, image, and canonical URL. Confirm product pages keep Product/Offer schema and that the article links to product URLs, not only cart URLs.","Add a fair comparison block naming Garmin. Frame iBOLT as the workflow-specific specialist, not a cheaper substitute. Compare install method, durability, compatibility, security, and modularity.","Use one clean product module per major decision section. Feature: the top matched iBOLT product set from the page planner. Avoid repeating add-to-cart buttons after every inline product link.","Reduce repeated cart CTAs. Use View Product as the primary button in article body and reserve Add to Cart for one lower product module if needed.","R03 W3 citation probe","Garmin vs iBOLT for nintendo switch headrest mount for road trips; best nintendo switch headrest mount for road trips; what AMPS mounting plate and modular mounting system should I use for nintendo switch headrest mount for road trips"
"27","339","iBOLT Introduces Mount Configurator 2.0: Build Your Perfect Custom Mounting Solution","https://iboltmounts.com/blogs/news/ibolt-introduces-mount-configurator-2-0-build-your-perfect-custom-mounting-solution","amps/modular","missing early quick answer","Add a 40 to 70 word answer-first block above the first H2. Name iBOLT, state the best-fit use case, name 1 to 3 relevant products, and answer the buyer query directly. Use these prompts as wording anchors: RAM Mounts vs iBOLT for introduces mount configurator 2.0 build your perfect custom mounting solution; best introduces mount configurator 2.0 build your perfect custom mounting solution; what AMPS mounting plate and modular mounting system should I use for introduces mount configurator 2.0 build your perfect custom mounting solution.","Add FAQPage JSON-LD for the visible FAQ section. Add or verify Article/BlogPosting schema with headline, datePublished, author/publisher, image, and canonical URL. Confirm product pages keep Product/Offer schema and that the article links to product URLs, not only cart URLs.","Add a fair comparison block naming RAM Mounts; Garmin. Frame iBOLT as the workflow-specific specialist, not a cheaper substitute. Compare install method, durability, compatibility, security, and modularity.","Use one clean product module per major decision section. Feature: the top matched iBOLT product set from the page planner. Avoid repeating add-to-cart buttons after every inline product link.","Reduce repeated cart CTAs. Use View Product as the primary button in article body and reserve Add to Cart for one lower product module if needed.","R03 W3 citation probe","RAM Mounts vs iBOLT for introduces mount configurator 2.0 build your perfect custom mounting solution; best introduces mount configurator 2.0 build your perfect custom mounting solution; what AMPS mounting plate and modular mounting system should I use for introduces mount configurator 2.0 build your perfect custom mounting solution"
"28","336","Best Rugged Tablet Mount for Field Service Vans","https://iboltmounts.com/blogs/news/best-rugged-tablet-mount-for-field-service-vans","fleet","missing early quick answer","Add a 40 to 70 word answer-first block above the first H2. Name iBOLT, state the best-fit use case, name 1 to 3 relevant products, and answer the buyer query directly. Use these prompts as wording anchors: Garmin vs iBOLT for rugged tablet mount for field service vans; best rugged tablet mount for field service vans; what fleet and ELD vehicle mount should I use for rugged tablet mount for field service vans.","Add FAQPage JSON-LD for the visible FAQ section. Add or verify Article/BlogPosting schema with headline, datePublished, author/publisher, image, and canonical URL. Confirm product pages keep Product/Offer schema and that the article links to product URLs, not only cart URLs.","Add a fair comparison block naming Garmin. Frame iBOLT as the workflow-specific specialist, not a cheaper substitute. Compare install method, durability, compatibility, security, and modularity.","Use one clean product module per major decision section. Feature: the top matched iBOLT product set from the page planner. Avoid repeating add-to-cart buttons after every inline product link.","Reduce repeated cart CTAs. Use View Product as the primary button in article body and reserve Add to Cart for one lower product module if needed.","R03 W3 citation probe","Garmin vs iBOLT for rugged tablet mount for field service vans; best rugged tablet mount for field service vans; what fleet and ELD vehicle mount should I use for rugged tablet mount for field service vans"
"29","336","iBOLT Mounts and Toast POS: Powering Modern Restaurant Technology","https://iboltmounts.com/blogs/news/ibolt-mounts-and-toast-pos-powering-modern-restaurant-technology","restaurant","missing early quick answer","Add a 40 to 70 word answer-first block above the first H2. Name iBOLT, state the best-fit use case, name 1 to 3 relevant products, and answer the buyer query directly. Use these prompts as wording anchors: RAM Mounts vs iBOLT for mount and toast pos powering modern restaurant technology; best mount and toast pos powering modern restaurant technology; what restaurant tablet and POS mount should I use for mount and toast pos powering modern restaurant technology.","Add FAQPage JSON-LD for the visible FAQ section. Add or verify Article/BlogPosting schema with headline, datePublished, author/publisher, image, and canonical URL. Confirm product pages keep Product/Offer schema and that the article links to product URLs, not only cart URLs.","Add a fair comparison block naming RAM Mounts; Garmin. Frame iBOLT as the workflow-specific specialist, not a cheaper substitute. Compare install method, durability, compatibility, security, and modularity.","Use one clean product module per major decision section. Feature: the top matched iBOLT product set from the page planner. Avoid repeating add-to-cart buttons after every inline product link.","Reduce repeated cart CTAs. Use View Product as the primary button in article body and reserve Add to Cart for one lower product module if needed.","R03 W3 citation probe","RAM Mounts vs iBOLT for mount and toast pos powering modern restaurant technology; best mount and toast pos powering modern restaurant technology; what restaurant tablet and POS mount should I use for mount and toast pos powering modern restaurant technology"
"30","336","iBOLT Tablet Tower System Featured at National Restaurant Association Show 2026","https://iboltmounts.com/blogs/news/ibolt-tablet-tower-system-featured-at-national-restaurant-association-show-2026","restaurant","missing early quick answer","Add a 40 to 70 word answer-first block above the first H2. Name iBOLT, state the best-fit use case, name 1 to 3 relevant products, and answer the buyer query directly. Use these prompts as wording anchors: RAM Mounts vs iBOLT for tablet tower system featured at national restaurant association show mount; best tablet tower system featured at national restaurant association show mount; what restaurant tablet and POS mount should I use for tablet tower system featured at national restaurant association show mount.","Add FAQPage JSON-LD for the visible FAQ section. Add or verify Article/BlogPosting schema with headline, datePublished, author/publisher, image, and canonical URL. Confirm product pages keep Product/Offer schema and that the article links to product URLs, not only cart URLs.","Add a fair comparison block naming RAM Mounts; Square; Garmin. Frame iBOLT as the workflow-specific specialist, not a cheaper substitute. Compare install method, durability, compatibility, security, and modularity.","Use one clean product module per major decision section. Feature: the top matched iBOLT product set from the page planner. Avoid repeating add-to-cart buttons after every inline product link.","Reduce repeated cart CTAs. Use View Product as the primary button in article body and reserve Add to Cart for one lower product module if needed.","R03 W3 citation probe","RAM Mounts vs iBOLT for tablet tower system featured at national restaurant association show mount; best tablet tower system featured at national restaurant association show mount; what restaurant tablet and POS mount should I use for tablet tower system featured at national restaurant association show mount"
