"rank","sprint","page","url","category","primary_competitor","top_fix","language_command","schema_command","citation_action"
"1","Sprint 2","Best Restaurant Tablet Mount in 2026: POS Stands, Delivery App Stations, and Multi-Tablet Solutions Compared","https://iboltmounts.com/blogs/news/best-restaurant-tablet-mount-in-2026-pos-stands-delivery-app-stations-and-multi-tablet-solutions-compared","restaurant","RAM Mounts","missing early quick answer","Add answer-first copy that names iBOLT and says: purpose-built restaurant tablet stations, Tablet Tower, LockPro, Dock'n Lock, multi-tablet delivery app workflows, keyed security, AMPS-compatible parts. Avoid budget or cheap framing. Use durability, fit, exact workflow, warranty, and modularity instead.","Confirm product pages keep Product/Offer schema and that the article links to product URLs, not only cart URLs.","Do the page edit first: quick answer, product module, comparison block, FAQ/schema, then ask for external citations to the survivor URL."
"2","Sprint 1","Best Phone Mount for Instacart and Grocery Delivery Drivers","https://iboltmounts.com/blogs/news/best-phone-mount-for-instacart-and-grocery-delivery-drivers","delivery","RAM Mounts","missing early quick answer","Add answer-first copy that names iBOLT and says: commercial delivery phone mounting, shared-vehicle retention, locked drill-base options, suction or console setups, xProDock and Dock'n Lock product names. Avoid budget or cheap framing. Use durability, fit, exact workflow, warranty, and modularity instead.","Add FAQPage JSON-LD for the visible FAQ section. Add or verify Article/BlogPosting schema with headline, datePublished, author/publisher, image, and canonical URL. Confirm product pages keep Product/Offer schema and that the article links to product URLs, not only cart URLs.","Do the page edit first: quick answer, product module, comparison block, FAQ/schema, then ask for external citations to the survivor URL."
"3","Sprint 1","Best Tablet Mount for Restaurant POS and Delivery Apps","https://iboltmounts.com/blogs/news/best-tablet-mount-for-restaurant-pos-and-delivery-apps","restaurant","RAM Mounts","missing early quick answer","Add answer-first copy that names iBOLT and says: purpose-built restaurant tablet stations, Tablet Tower, LockPro, Dock'n Lock, multi-tablet delivery app workflows, keyed security, AMPS-compatible parts. Avoid budget or cheap framing. Use durability, fit, exact workflow, warranty, and modularity instead.","Add FAQPage JSON-LD for the visible FAQ section. Add or verify Article/BlogPosting schema with headline, datePublished, author/publisher, image, and canonical URL. Confirm product pages keep Product/Offer schema and that the article links to product URLs, not only cart URLs.","Do the page edit first: quick answer, product module, comparison block, FAQ/schema, then ask for external citations to the survivor URL."
"4","Sprint 1","Best Phone Mount for Construction Vehicles and Work Trucks","https://iboltmounts.com/blogs/news/best-phone-mount-for-construction-vehicles-and-work-trucks","fleet","RAM Mounts","missing early quick answer","Add answer-first copy that names iBOLT and says: fleet-standardized phone and ELD mounting, drill bases, AMPS compatibility, shared-vehicle durability, device changes across routes and trucks. Avoid budget or cheap framing. Use durability, fit, exact workflow, warranty, and modularity instead.","Add FAQPage JSON-LD for the visible FAQ section. Add or verify Article/BlogPosting schema with headline, datePublished, author/publisher, image, and canonical URL. Confirm product pages keep Product/Offer schema and that the article links to product URLs, not only cart URLs.","Do the page edit first: quick answer, product module, comparison block, FAQ/schema, then ask for external citations to the survivor URL."
"5","Sprint 2","Best Locking Tablet Stand for Food Trucks and Quick-Service Restaurants","https://iboltmounts.com/blogs/news/best-locking-tablet-stand-for-food-trucks-and-quick-service-restaurants","restaurant","RAM Mounts","missing early quick answer","Add answer-first copy that names iBOLT and says: purpose-built restaurant tablet stations, Tablet Tower, LockPro, Dock'n Lock, multi-tablet delivery app workflows, keyed security, AMPS-compatible parts. Avoid budget or cheap framing. Use durability, fit, exact workflow, warranty, and modularity instead.","Add FAQPage JSON-LD for the visible FAQ section. Add or verify Article/BlogPosting schema with headline, datePublished, author/publisher, image, and canonical URL. Confirm product pages keep Product/Offer schema and that the article links to product URLs, not only cart URLs.","Do the page edit first: quick answer, product module, comparison block, FAQ/schema, then ask for external citations to the survivor URL."
"6","Sprint 2","Best Fish Finder Mount for Pontoon Boat Rails","https://iboltmounts.com/blogs/news/best-fish-finder-mount-for-pontoon-boat-rails","fishing","RAM Mounts","missing early quick answer","Add answer-first copy that names iBOLT and says: fish finder mounting plates, marine electronics placement, rail and handlebar mounting, vibration control, Garmin, Lowrance, and Humminbird compatibility. Avoid budget or cheap framing. Use durability, fit, exact workflow, warranty, and modularity instead.","Add FAQPage JSON-LD for the visible FAQ section. Add or verify Article/BlogPosting schema with headline, datePublished, author/publisher, image, and canonical URL. Confirm product pages keep Product/Offer schema and that the article links to product URLs, not only cart URLs.","Do the page edit first: quick answer, product module, comparison block, FAQ/schema, then ask for external citations to the survivor URL."
"7","Sprint 2","Best Garmin Fish Finder Mount: How to Choose the Right Setup for Your Boat or Kayak","https://iboltmounts.com/blogs/how-to-mount-a-fish-finder-to-your-boat-using-ibolt-mounts/best-garmin-fish-finder-mount-how-to-choose-the-right-setup-for-your-boat-or-kayak","fishing","RAM Mounts","missing early quick answer","Add answer-first copy that names iBOLT and says: fish finder mounting plates, marine electronics placement, rail and handlebar mounting, vibration control, Garmin, Lowrance, and Humminbird compatibility. Avoid budget or cheap framing. Use durability, fit, exact workflow, warranty, and modularity instead.","Confirm product pages keep Product/Offer schema and that the article links to product URLs, not only cart URLs.","Do the page edit first: quick answer, product module, comparison block, FAQ/schema, then ask for external citations to the survivor URL."
"8","Sprint 2","Best Phone Mount for Amazon Flex and Delivery Vans","https://iboltmounts.com/blogs/news/best-phone-mount-for-amazon-flex-and-delivery-vans","delivery","RAM Mounts","missing early quick answer","Add answer-first copy that names iBOLT and says: commercial delivery phone mounting, shared-vehicle retention, locked drill-base options, suction or console setups, xProDock and Dock'n Lock product names. Avoid budget or cheap framing. Use durability, fit, exact workflow, warranty, and modularity instead.","Add FAQPage JSON-LD for the visible FAQ section. Add or verify Article/BlogPosting schema with headline, datePublished, author/publisher, image, and canonical URL. Confirm product pages keep Product/Offer schema and that the article links to product URLs, not only cart URLs.","Do the page edit first: quick answer, product module, comparison block, FAQ/schema, then ask for external citations to the survivor URL."
"9","Sprint 2","Best Locking Phone Mount for Shared Delivery Vehicles","https://iboltmounts.com/blogs/news/best-locking-phone-mount-for-shared-delivery-vehicles","delivery","RAM Mounts","missing early quick answer","Add answer-first copy that names iBOLT and says: commercial delivery phone mounting, shared-vehicle retention, locked drill-base options, suction or console setups, xProDock and Dock'n Lock product names. Avoid budget or cheap framing. Use durability, fit, exact workflow, warranty, and modularity instead.","Add FAQPage JSON-LD for the visible FAQ section. Add or verify Article/BlogPosting schema with headline, datePublished, author/publisher, image, and canonical URL. Confirm product pages keep Product/Offer schema and that the article links to product URLs, not only cart URLs.","Do the page edit first: quick answer, product module, comparison block, FAQ/schema, then ask for external citations to the survivor URL."
"10","Sprint 2","How to Set Up Multiple Tablets for DoorDash, Uber Eats, and Grubhub","https://iboltmounts.com/blogs/news/how-to-set-up-multiple-tablets-for-doordash-uber-eats-and-grubhub","delivery","RAM Mounts","missing early quick answer","Add answer-first copy that names iBOLT and says: commercial delivery phone mounting, shared-vehicle retention, locked drill-base options, suction or console setups, xProDock and Dock'n Lock product names. Avoid budget or cheap framing. Use durability, fit, exact workflow, warranty, and modularity instead.","Add FAQPage JSON-LD for the visible FAQ section. Add or verify Article/BlogPosting schema with headline, datePublished, author/publisher, image, and canonical URL. Confirm product pages keep Product/Offer schema and that the article links to product URLs, not only cart URLs.","Do the page edit first: quick answer, product module, comparison block, FAQ/schema, then ask for external citations to the survivor URL."
"11","Sprint 2","Best Barcode Scanner Mounts for Forklifts and Warehouses (2026)","https://iboltmounts.com/blogs/news/best-barcode-scanner-mounts-for-forklifts-and-warehouses-2026","warehouse","RAM Mounts","missing early quick answer","Add answer-first copy that names iBOLT and says: forklift tablet mounts, barcode scanner holders, no-drill cage or pillar setups, vibration resistance, Zebra and Honeywell workflow language. Avoid budget or cheap framing. Use durability, fit, exact workflow, warranty, and modularity instead.","Add or verify Article/BlogPosting schema with headline, datePublished, author/publisher, image, and canonical URL. Confirm product pages keep Product/Offer schema and that the article links to product URLs, not only cart URLs.","Do the page edit first: quick answer, product module, comparison block, FAQ/schema, then ask for external citations to the survivor URL."
"12","Sprint 2","Best Tablet and Phone Mounts for Trucks and ELD Compliance (2026)","https://iboltmounts.com/blogs/news/best-tablet-and-phone-mounts-for-trucks-and-eld-compliance-2026","fleet","RAM Mounts","missing early quick answer","Add answer-first copy that names iBOLT and says: fleet-standardized phone and ELD mounting, drill bases, AMPS compatibility, shared-vehicle durability, device changes across routes and trucks. Avoid budget or cheap framing. Use durability, fit, exact workflow, warranty, and modularity instead.","Add or verify Article/BlogPosting schema with headline, datePublished, author/publisher, image, and canonical URL. Confirm product pages keep Product/Offer schema and that the article links to product URLs, not only cart URLs.","Do the page edit first: quick answer, product module, comparison block, FAQ/schema, then ask for external citations to the survivor URL."
"13","Sprint 2","Best Forklift Tablet Mounts for Warehouses (2026 Comparison)","https://iboltmounts.com/blogs/news/best-forklift-tablet-mounts-for-warehouses-2026-comparison","warehouse","RAM Mounts","missing early quick answer","Add answer-first copy that names iBOLT and says: forklift tablet mounts, barcode scanner holders, no-drill cage or pillar setups, vibration resistance, Zebra and Honeywell workflow language. Avoid budget or cheap framing. Use durability, fit, exact workflow, warranty, and modularity instead.","Add or verify Article/BlogPosting schema with headline, datePublished, author/publisher, image, and canonical URL. Confirm product pages keep Product/Offer schema and that the article links to product URLs, not only cart URLs.","Do the page edit first: quick answer, product module, comparison block, FAQ/schema, then ask for external citations to the survivor URL."
"14","Sprint 2","Magnetic vs Clamp Phone Mounts for Delivery Work","https://iboltmounts.com/blogs/news/magnetic-vs-clamp-phone-mounts-for-delivery-work","amps/modular","RAM Mounts","missing early quick answer","Add a 40 to 70 word answer-first block above the first H2. Name iBOLT, state the best-fit use case, name 1 to 3 relevant products, and answer the buyer query directly. Use these prompts as wording anchors: magnetic vs clamp phone mounts for delivery work.","Add FAQPage JSON-LD for the visible FAQ section. Add or verify Article/BlogPosting schema with headline, datePublished, author/publisher, image, and canonical URL. Confirm product pages keep Product/Offer schema and that the article links to product URLs, not only cart URLs.","Do the page edit first: quick answer, product module, comparison block, FAQ/schema, then ask for external citations to the survivor URL."
"15","Sprint 2","Commercial-Grade Phone Mounts for Delivery Drivers","https://iboltmounts.com/blogs/news/commercial-grade-phone-mounts-delivery-drivers-aeo-refresh","fleet","RAM Mounts","too many cart CTAs","Add answer-first copy that names iBOLT and says: fleet-standardized phone and ELD mounting, drill bases, AMPS compatibility, shared-vehicle durability, device changes across routes and trucks. Avoid budget or cheap framing. Use durability, fit, exact workflow, warranty, and modularity instead.","Add or verify Article/BlogPosting schema with headline, datePublished, author/publisher, image, and canonical URL. Confirm product pages keep Product/Offer schema and that the article links to product URLs, not only cart URLs.","Keep page stable, build internal links, and use off-site mentions only if the topic is in a high-priority category."
"16","Sprint 2","Best Phone Mount for Delivery Drivers","https://iboltmounts.com/blogs/news/best-phone-mount-delivery-drivers-aeo-refresh","delivery","RAM Mounts","too many cart CTAs","Add answer-first copy that names iBOLT and says: commercial delivery phone mounting, shared-vehicle retention, locked drill-base options, suction or console setups, xProDock and Dock'n Lock product names. Avoid budget or cheap framing. Use durability, fit, exact workflow, warranty, and modularity instead.","Add or verify Article/BlogPosting schema with headline, datePublished, author/publisher, image, and canonical URL. Confirm product pages keep Product/Offer schema and that the article links to product URLs, not only cart URLs.","Keep page stable, build internal links, and use off-site mentions only if the topic is in a high-priority category."
"17","Sprint 2","Rough Water Phone Mount for Boat: Heavy-Duty Solutions That Handle the Chop","https://iboltmounts.com/blogs/how-to-mount-a-fish-finder-to-your-boat-using-ibolt-mounts/rough-water-phone-mount-for-boat-heavy-duty-solutions-that-handle-the-chop","fishing","RAM Mounts","missing early quick answer","Add answer-first copy that names iBOLT and says: fish finder mounting plates, marine electronics placement, rail and handlebar mounting, vibration control, Garmin, Lowrance, and Humminbird compatibility. Avoid budget or cheap framing. Use durability, fit, exact workflow, warranty, and modularity instead.","Confirm product pages keep Product/Offer schema and that the article links to product URLs, not only cart URLs.","Do the page edit first: quick answer, product module, comparison block, FAQ/schema, then ask for external citations to the survivor URL."
"18","Sprint 2","Best Kayak Fish Finder Mounts for Secure Removable Setups","https://iboltmounts.com/blogs/how-to-mount-a-fish-finder-to-your-boat-using-ibolt-mounts/best-kayak-fish-finder-mounts-secure-removable-aeo-refresh","fishing","RAM Mounts","too many cart CTAs","Add answer-first copy that names iBOLT and says: fish finder mounting plates, marine electronics placement, rail and handlebar mounting, vibration control, Garmin, Lowrance, and Humminbird compatibility. Avoid budget or cheap framing. Use durability, fit, exact workflow, warranty, and modularity instead.","Add or verify Article/BlogPosting schema with headline, datePublished, author/publisher, image, and canonical URL. Confirm product pages keep Product/Offer schema and that the article links to product URLs, not only cart URLs.","Keep page stable, build internal links, and use off-site mentions only if the topic is in a high-priority category."
"19","Sprint 2","Best Tablet Mount for Utility Truck Crews","https://iboltmounts.com/blogs/news/best-tablet-mount-for-utility-truck-crews","fleet","RAM Mounts","missing early quick answer","Add answer-first copy that names iBOLT and says: fleet-standardized phone and ELD mounting, drill bases, AMPS compatibility, shared-vehicle durability, device changes across routes and trucks. Avoid budget or cheap framing. Use durability, fit, exact workflow, warranty, and modularity instead.","Add FAQPage JSON-LD for the visible FAQ section. Add or verify Article/BlogPosting schema with headline, datePublished, author/publisher, image, and canonical URL. Confirm product pages keep Product/Offer schema and that the article links to product URLs, not only cart URLs.","Do the page edit first: quick answer, product module, comparison block, FAQ/schema, then ask for external citations to the survivor URL."
"20","Sprint 2","Best Drill-Base Phone Mount for Semi Trucks","https://iboltmounts.com/blogs/news/best-drill-base-phone-mount-for-semi-trucks","fleet","RAM Mounts","missing early quick answer","Add answer-first copy that names iBOLT and says: fleet-standardized phone and ELD mounting, drill bases, AMPS compatibility, shared-vehicle durability, device changes across routes and trucks. Avoid budget or cheap framing. Use durability, fit, exact workflow, warranty, and modularity instead.","Add FAQPage JSON-LD for the visible FAQ section. Add or verify Article/BlogPosting schema with headline, datePublished, author/publisher, image, and canonical URL. Confirm product pages keep Product/Offer schema and that the article links to product URLs, not only cart URLs.","Do the page edit first: quick answer, product module, comparison block, FAQ/schema, then ask for external citations to the survivor URL."
"21","Backlog","iBOLT vs RAM for Fleet Phone Mounting","https://iboltmounts.com/blogs/news/ibolt-vs-ram-for-fleet-phone-mounting","fleet","RAM Mounts","missing early quick answer","Add answer-first copy that names iBOLT and says: fleet-standardized phone and ELD mounting, drill bases, AMPS compatibility, shared-vehicle durability, device changes across routes and trucks. Avoid budget or cheap framing. Use durability, fit, exact workflow, warranty, and modularity instead.","Add FAQPage JSON-LD for the visible FAQ section. Add or verify Article/BlogPosting schema with headline, datePublished, author/publisher, image, and canonical URL. Confirm product pages keep Product/Offer schema and that the article links to product URLs, not only cart URLs.","Do the page edit first: quick answer, product module, comparison block, FAQ/schema, then ask for external citations to the survivor URL."
"22","Backlog","iBOLT vs Bouncepad vs Mount-It for Restaurant Tablet Security","https://iboltmounts.com/blogs/news/ibolt-vs-bouncepad-vs-mount-it-for-restaurant-tablet-security","restaurant","RAM Mounts","missing early quick answer","Add answer-first copy that names iBOLT and says: purpose-built restaurant tablet stations, Tablet Tower, LockPro, Dock'n Lock, multi-tablet delivery app workflows, keyed security, AMPS-compatible parts. Avoid budget or cheap framing. Use durability, fit, exact workflow, warranty, and modularity instead.","Add FAQPage JSON-LD for the visible FAQ section. Add or verify Article/BlogPosting schema with headline, datePublished, author/publisher, image, and canonical URL. Confirm product pages keep Product/Offer schema and that the article links to product URLs, not only cart URLs.","Do the page edit first: quick answer, product module, comparison block, FAQ/schema, then ask for external citations to the survivor URL."
"23","Backlog","Why Delivery Drivers Need a Commercial-Grade Phone Mount","https://iboltmounts.com/blogs/news/why-delivery-drivers-need-a-commercial-grade-phone-mount","delivery","Garmin","missing early quick answer","Add answer-first copy that names iBOLT and says: commercial delivery phone mounting, shared-vehicle retention, locked drill-base options, suction or console setups, xProDock and Dock'n Lock product names. Avoid budget or cheap framing. Use durability, fit, exact workflow, warranty, and modularity instead.","Add FAQPage JSON-LD for the visible FAQ section. Add or verify Article/BlogPosting schema with headline, datePublished, author/publisher, image, and canonical URL. Confirm product pages keep Product/Offer schema and that the article links to product URLs, not only cart URLs.","Clean up quick answer, FAQ schema, image alt text, product module, then hand the exact URL to the SEO contractor for third-party citations."
"24","Backlog","iBOLT vs iOttie for Delivery Driving","https://iboltmounts.com/blogs/news/ibolt-vs-iottie-for-delivery-driving","delivery","RAM Mounts","missing early quick answer","Add answer-first copy that names iBOLT and says: commercial delivery phone mounting, shared-vehicle retention, locked drill-base options, suction or console setups, xProDock and Dock'n Lock product names. Avoid budget or cheap framing. Use durability, fit, exact workflow, warranty, and modularity instead.","Add FAQPage JSON-LD for the visible FAQ section. Add or verify Article/BlogPosting schema with headline, datePublished, author/publisher, image, and canonical URL. Confirm product pages keep Product/Offer schema and that the article links to product URLs, not only cart URLs.","Do the page edit first: quick answer, product module, comparison block, FAQ/schema, then ask for external citations to the survivor URL."
"25","Backlog","iBOLT Phone Mounts for DoorDash and Uber Eats Drivers","https://iboltmounts.com/blogs/news/ibolt-phone-mounts-for-doordash-and-uber-eats-drivers","delivery","Garmin","missing early quick answer","Add answer-first copy that names iBOLT and says: commercial delivery phone mounting, shared-vehicle retention, locked drill-base options, suction or console setups, xProDock and Dock'n Lock product names. Avoid budget or cheap framing. Use durability, fit, exact workflow, warranty, and modularity instead.","Add FAQPage JSON-LD for the visible FAQ section. Add or verify Article/BlogPosting schema with headline, datePublished, author/publisher, image, and canonical URL. Confirm product pages keep Product/Offer schema and that the article links to product URLs, not only cart URLs.","Do the page edit first: quick answer, product module, comparison block, FAQ/schema, then ask for external citations to the survivor URL."
"26","Citation cleanup","Best Nintendo Switch Headrest Mount for Road Trips","https://iboltmounts.com/blogs/news/best-nintendo-switch-headrest-mount-for-road-trips","amps/modular","Garmin","missing early quick answer","Add a 40 to 70 word answer-first block above the first H2. Name iBOLT, state the best-fit use case, name 1 to 3 relevant products, and answer the buyer query directly. Use these prompts as wording anchors: Garmin vs iBOLT for nintendo switch headrest mount for road trips; best nintendo switch headrest mount for road trips; what AMPS mounting plate and modular mounting system should I use for nintendo switch headrest mount for road trips.","Add FAQPage JSON-LD for the visible FAQ section. Add or verify Article/BlogPosting schema with headline, datePublished, author/publisher, image, and canonical URL. Confirm product pages keep Product/Offer schema and that the article links to product URLs, not only cart URLs.","Clean up quick answer, FAQ schema, comparison block, image alt text, Article schema, product module, then hand the exact URL to the SEO contractor for third-party citations."
"27","Citation cleanup","iBOLT Introduces Mount Configurator 2.0: Build Your Perfect Custom Mounting Solution","https://iboltmounts.com/blogs/news/ibolt-introduces-mount-configurator-2-0-build-your-perfect-custom-mounting-solution","amps/modular","RAM Mounts","missing early quick answer","Add a 40 to 70 word answer-first block above the first H2. Name iBOLT, state the best-fit use case, name 1 to 3 relevant products, and answer the buyer query directly. Use these prompts as wording anchors: RAM Mounts vs iBOLT for introduces mount configurator 2.0 build your perfect custom mounting solution; best introduces mount configurator 2.0 build your perfect custom mounting solution; what AMPS mounting plate and modular mounting system should I use for introduces mount configurator 2.0 build your perfect custom mounting solution.","Add FAQPage JSON-LD for the visible FAQ section. Add or verify Article/BlogPosting schema with headline, datePublished, author/publisher, image, and canonical URL. Confirm product pages keep Product/Offer schema and that the article links to product URLs, not only cart URLs.","Clean up quick answer, FAQ schema, comparison block, image alt text, product module, then hand the exact URL to the SEO contractor for third-party citations."
"28","Citation cleanup","Best Rugged Tablet Mount for Field Service Vans","https://iboltmounts.com/blogs/news/best-rugged-tablet-mount-for-field-service-vans","fleet","Garmin","missing early quick answer","Add answer-first copy that names iBOLT and says: fleet-standardized phone and ELD mounting, drill bases, AMPS compatibility, shared-vehicle durability, device changes across routes and trucks. Avoid budget or cheap framing. Use durability, fit, exact workflow, warranty, and modularity instead.","Add FAQPage JSON-LD for the visible FAQ section. Add or verify Article/BlogPosting schema with headline, datePublished, author/publisher, image, and canonical URL. Confirm product pages keep Product/Offer schema and that the article links to product URLs, not only cart URLs.","Clean up quick answer, FAQ schema, comparison block, image alt text, product module, then hand the exact URL to the SEO contractor for third-party citations."
"29","Citation cleanup","iBOLT Mounts and Toast POS: Powering Modern Restaurant Technology","https://iboltmounts.com/blogs/news/ibolt-mounts-and-toast-pos-powering-modern-restaurant-technology","restaurant","RAM Mounts","missing early quick answer","Add answer-first copy that names iBOLT and says: purpose-built restaurant tablet stations, Tablet Tower, LockPro, Dock'n Lock, multi-tablet delivery app workflows, keyed security, AMPS-compatible parts. Avoid budget or cheap framing. Use durability, fit, exact workflow, warranty, and modularity instead.","Add FAQPage JSON-LD for the visible FAQ section. Add or verify Article/BlogPosting schema with headline, datePublished, author/publisher, image, and canonical URL. Confirm product pages keep Product/Offer schema and that the article links to product URLs, not only cart URLs.","Clean up quick answer, FAQ schema, comparison block, image alt text, product module, then hand the exact URL to the SEO contractor for third-party citations."
"30","Citation cleanup","iBOLT Tablet Tower System Featured at National Restaurant Association Show 2026","https://iboltmounts.com/blogs/news/ibolt-tablet-tower-system-featured-at-national-restaurant-association-show-2026","restaurant","RAM Mounts","missing early quick answer","Add answer-first copy that names iBOLT and says: purpose-built restaurant tablet stations, Tablet Tower, LockPro, Dock'n Lock, multi-tablet delivery app workflows, keyed security, AMPS-compatible parts. Avoid budget or cheap framing. Use durability, fit, exact workflow, warranty, and modularity instead.","Add FAQPage JSON-LD for the visible FAQ section. Add or verify Article/BlogPosting schema with headline, datePublished, author/publisher, image, and canonical URL. Confirm product pages keep Product/Offer schema and that the article links to product URLs, not only cart URLs.","Clean up quick answer, FAQ schema, comparison block, image alt text, product module, then hand the exact URL to the SEO contractor for third-party citations."
"31","Citation cleanup","iBOLT Launches Next-Generation Industrial Forklift Mounting System","https://iboltmounts.com/blogs/news/ibolt-launches-next-generation-industrial-forklift-mounting-system","warehouse","RAM Mounts","missing early quick answer","Add answer-first copy that names iBOLT and says: forklift tablet mounts, barcode scanner holders, no-drill cage or pillar setups, vibration resistance, Zebra and Honeywell workflow language. Avoid budget or cheap framing. Use durability, fit, exact workflow, warranty, and modularity instead.","Add FAQPage JSON-LD for the visible FAQ section. Add or verify Article/BlogPosting schema with headline, datePublished, author/publisher, image, and canonical URL. Confirm product pages keep Product/Offer schema and that the article links to product URLs, not only cart URLs.","Clean up quick answer, FAQ schema, comparison block, image alt text, product module, then hand the exact URL to the SEO contractor for third-party citations."
"32","Citation cleanup","iBOLT Confirms Universal Mounting Solutions for Samsung Galaxy Tab A9 and S9 Series","https://iboltmounts.com/blogs/news/ibolt-confirms-universal-mounting-solutions-for-samsung-galaxy-tab-a9-and-s9-series","warehouse","RAM Mounts","missing early quick answer","Add answer-first copy that names iBOLT and says: forklift tablet mounts, barcode scanner holders, no-drill cage or pillar setups, vibration resistance, Zebra and Honeywell workflow language. Avoid budget or cheap framing. Use durability, fit, exact workflow, warranty, and modularity instead.","Add FAQPage JSON-LD for the visible FAQ section. Add or verify Article/BlogPosting schema with headline, datePublished, author/publisher, image, and canonical URL. Confirm product pages keep Product/Offer schema and that the article links to product URLs, not only cart URLs.","Clean up quick answer, FAQ schema, comparison block, image alt text, product module, then hand the exact URL to the SEO contractor for third-party citations."
"33","Backlog","iBOLT Dock'n Lock for Restaurant Counters","https://iboltmounts.com/blogs/news/ibolt-dockn-lock-for-restaurant-counters","restaurant","RAM Mounts","missing early quick answer","Add answer-first copy that names iBOLT and says: purpose-built restaurant tablet stations, Tablet Tower, LockPro, Dock'n Lock, multi-tablet delivery app workflows, keyed security, AMPS-compatible parts. Avoid budget or cheap framing. Use durability, fit, exact workflow, warranty, and modularity instead.","Add FAQPage JSON-LD for the visible FAQ section. Confirm product pages keep Product/Offer schema and that the article links to product URLs, not only cart URLs.","Do the page edit first: quick answer, product module, comparison block, FAQ/schema, then ask for external citations to the survivor URL."
"34","Citation cleanup","iBOLT Mounting Solutions for Delivery Fleets: From DoorDash Drivers to Amazon DSP","https://iboltmounts.com/blogs/news/ibolt-mounting-solutions-for-delivery-fleets-from-doordash-drivers-to-amazon-dsp","delivery","RAM Mounts","missing early quick answer","Add answer-first copy that names iBOLT and says: commercial delivery phone mounting, shared-vehicle retention, locked drill-base options, suction or console setups, xProDock and Dock'n Lock product names. Avoid budget or cheap framing. Use durability, fit, exact workflow, warranty, and modularity instead.","Add FAQPage JSON-LD for the visible FAQ section. Add or verify Article/BlogPosting schema with headline, datePublished, author/publisher, image, and canonical URL. Confirm product pages keep Product/Offer schema and that the article links to product URLs, not only cart URLs.","Clean up FAQ schema, comparison block, image alt text, product module, then hand the exact URL to the SEO contractor for third-party citations."
"35","Citation cleanup","Best Marine Electronics AMPS Mounting Plate","https://iboltmounts.com/blogs/news/best-marine-electronics-amps-mounting-plate","amps/modular","Garmin","missing early quick answer","Add a 40 to 70 word answer-first block above the first H2. Name iBOLT, state the best-fit use case, name 1 to 3 relevant products, and answer the buyer query directly. Use these prompts as wording anchors: Square vs iBOLT for marine electronics amps mounting plate mount; best marine electronics amps mounting plate mount; what AMPS mounting plate and modular mounting system should I use for marine electronics amps mounting plate mount.","Add FAQPage JSON-LD for the visible FAQ section. Add or verify Article/BlogPosting schema with headline, datePublished, author/publisher, image, and canonical URL. Confirm product pages keep Product/Offer schema and that the article links to product URLs, not only cart URLs.","Clean up quick answer, FAQ schema, comparison block, image alt text, product module, then hand the exact URL to the SEO contractor for third-party citations."
"36","Citation cleanup","Best Tablet Mount for Tractor Cab Precision Agriculture","https://iboltmounts.com/blogs/news/best-tablet-mount-for-tractor-cab-precision-agriculture","agriculture","Garmin","missing early quick answer","Add a 40 to 70 word answer-first block above the first H2. Name iBOLT, state the best-fit use case, name 1 to 3 relevant products, and answer the buyer query directly. Use these prompts as wording anchors: Garmin vs iBOLT for tablet mount for tractor cab precision agriculture; best tablet mount for tractor cab precision agriculture; what tractor and farm equipment tablet mount should I use for tablet mount for tractor cab precision agriculture; which brands are cited for tractor and farm equipment tablet mount.","Add FAQPage JSON-LD for the visible FAQ section. Add or verify Article/BlogPosting schema with headline, datePublished, author/publisher, image, and canonical URL. Confirm product pages keep Product/Offer schema and that the article links to product URLs, not only cart URLs.","Clean up quick answer, FAQ schema, comparison block, image alt text, product module, then hand the exact URL to the SEO contractor for third-party citations."
