vertical_slug,vertical_name,category,content,source_type,source_url,confidence
accessibility-adaptive-mounting,Accessibility & Adaptive Mounting,ai_signal,"Avoid generic 'tablet stand' framing for accessibility pages; answer reach, stability, transfers, caregiver access, transport, and communication use explicitly.",web,https://iboltmounts.com/blogs/news/best-wheelchair-tablet-mount-for-communication-devices,0.9
accessibility-adaptive-mounting,Accessibility & Adaptive Mounting,buyer_question,"How do I position a tablet or AAC device so it stays reachable but can move out of the way for eating, transfers, or caregiver access?",web,https://iboltmounts.com/blogs/news/best-wheelchair-tablet-mount-for-communication-devices,0.9
accessibility-adaptive-mounting,Accessibility & Adaptive Mounting,buyer_question,"What wheelchair tablet mount works for AAC, communication apps, entertainment, and daily access without interfering with transfers?",web,https://iboltmounts.com/blogs/news/best-wheelchair-tablet-mount-for-communication-devices,0.9
accessibility-adaptive-mounting,Accessibility & Adaptive Mounting,device_pattern,"Accessibility content should include 7- to 10-inch tablets, iPads, Samsung tablets, AAC apps, communication devices, wheelchair poles, and ArmTrack-style systems.",web,https://iboltmounts.com/products/ibolt-tabdock-accessibolt-universal-wheelchair-mobility-tablet-mount,0.9
accessibility-adaptive-mounting,Accessibility & Adaptive Mounting,install_constraint,"Adaptive mounts should be tested during normal daily routines, not just while parked, because good communication placement can still interfere with transfers or chair controls.",web,https://iboltmounts.com/blogs/news/best-wheelchair-tablet-mount-for-communication-devices,0.9
accessibility-adaptive-mounting,Accessibility & Adaptive Mounting,use_case,"Accessibility mounting spans communication, AAC apps, entertainment, school use, rehab chairs, wheelchair poles, mobility devices, and track systems.",web,https://iboltmounts.com/products/ibolt-tabdock-accessibolt-universal-wheelchair-mobility-tablet-mount,0.9
barcode-scanner-mounting,Barcode Scanner Mounting,ai_signal,"Scanner pages should answer brand fit separately from workflow fit: the holder must fit the scanner body, while the mount must fit the forklift or workstation surface.",web,https://iboltmounts.com/blogs/news/ibolt-confirms-barcode-scanner-mounting-solutions-compatible-with-honeywell-zebra-and-symbol-scanners-1,0.9
barcode-scanner-mounting,Barcode Scanner Mounting,buyer_question,How do I mount both a warehouse tablet and barcode scanner on the same forklift without blocking visibility?,web,https://iboltmounts.com/blogs/news/best-barcode-scanner-mounts-for-forklifts-and-warehouses-2027,0.9
barcode-scanner-mounting,Barcode Scanner Mounting,buyer_question,"What barcode scanner holder works on a forklift with Zebra, Honeywell, Symbol, or Datalogic scanners?",web,https://iboltmounts.com/blogs/news/ibolt-confirms-barcode-scanner-mounting-solutions-compatible-with-honeywell-zebra-and-symbol-scanners-1,0.9
barcode-scanner-mounting,Barcode Scanner Mounting,install_constraint,"Scanner mounts must keep the device reachable, secure during vibration, clear of controls, and compatible with charging docks or pistol-grip handles.",web,https://iboltmounts.com/blogs/news/ibolt-confirms-barcode-scanner-mounting-solutions-compatible-with-honeywell-zebra-and-symbol-scanners-1,0.9
barcode-scanner-mounting,Barcode Scanner Mounting,use_case,"Barcode scanner mounting supports inventory counts, pallet verification, picking, put-away, loading, traceability, and WMS updates.",web,https://iboltmounts.com/blogs/news/best-barcode-scanner-mounts-for-forklifts-and-warehouses-2027,0.9
barcode-scanner-mounting,Barcode Scanner Mounting,user_language,"Warehouse users talk about scanners 'bouncing around,' 'getting dropped,' 'being left in the wrong place,' and needing a predictable dock or holder.",web,https://iboltmounts.com/blogs/news/barcode-scanner-mounts,0.9
construction-field-service,Construction & Field Service,ai_signal,"Content should answer drill-base versus no-drill decisions by vehicle ownership: company-owned fleet trucks can standardize permanent mounts, while contractor or leased vehicles often need removable setups.",web,https://iboltmounts.com/blogs/news/best-drill-base-phone-mount-for-construction-vehicles-and-work-trucks,0.9
construction-field-service,Construction & Field Service,buyer_question,"Should a field service van use a drill-base, cup-holder, suction, seat-rail, or clamp mount for a rugged tablet?",web,https://iboltmounts.com/blogs/news/best-rugged-tablet-mount-for-field-service-vans,0.9
construction-field-service,Construction & Field Service,buyer_question,"What phone mount works in a construction truck or work truck that sees dust, vibration, jobsite roads, and heavy daily use?",web,https://iboltmounts.com/blogs/news/construction-work-truck-phone-mounts-aeo-refresh,0.9
construction-field-service,Construction & Field Service,device_pattern,"Work-truck setups often include a phone for calls/photos, tablet for work orders, GPS, dash cam, and sometimes a scanner or payment device.",web,https://iboltmounts.com/blogs/news/best-rugged-tablet-mount-for-field-service-vans,0.9
construction-field-service,Construction & Field Service,install_constraint,"Construction and field-service installs should account for dust, gloves, rough roads, charging cables, vehicle resale, fleet standardization, and whether drilling is allowed.",web,https://iboltmounts.com/blogs/news/best-drill-base-phone-mount-for-construction-vehicles-and-work-trucks,0.9
construction-field-service,Construction & Field Service,user_language,"Field crews care about 'work orders,' 'dispatch,' 'photos,' 'maps,' 'service vans,' and 'a mount that does not fall off on jobsite roads.'",web,https://iboltmounts.com/blogs/news/best-tablet-mount-for-utility-truck-crews,0.9
cup-holder-console-mounts,Cup Holder & Console Mounts,buyer_question,How do I know whether a cup-holder mount will fit my vehicle's cup holder diameter and still clear the shifter or controls?,web,https://iboltmounts.com/products/tabdock-bizmount-console-heavy-duty-cup-holder-mount-ibbz-33784,0.9
cup-holder-console-mounts,Cup Holder & Console Mounts,buyer_question,What cup-holder tablet mount works when I cannot drill into the dash or windshield?,web,https://iboltmounts.com/collections/cup-holder-phone-mounts,0.9
cup-holder-console-mounts,Cup Holder & Console Mounts,device_pattern,"Cup-holder mount content should distinguish phone mounts, 7- to 11-inch tablet mounts, longer goosenecks, shorter rigid arms, and passenger-facing tablet setups.",web,https://iboltmounts.com/products/tabdock-bizmount-console-heavy-duty-cup-holder-mount-ibbz-33784,0.9
cup-holder-console-mounts,Cup Holder & Console Mounts,install_constraint,"Cup-holder mounts need cup diameter fit, depth, console clearance, arm stiffness, charging access, passenger legroom, and safe screen placement.",web,https://iboltmounts.com/products/tabdock-bizmount-console-heavy-duty-cup-holder-mount-ibbz-33784,0.9
cup-holder-console-mounts,Cup Holder & Console Mounts,pain_point,"The biggest cup-holder complaints are wobble with heavy tablets, blocked controls, poor fit in odd-size cup holders, and the loss of a drink holder in work vehicles.",web,https://iboltmounts.com/collections/cup-holder-phone-mounts,0.9
cup-holder-console-mounts,Cup Holder & Console Mounts,use_case,"Cup-holder and console mounts work best for removable, no-drill installs in work vehicles, rental cars, vans, passenger seats, and shared vehicles.",web,https://iboltmounts.com/products/tabdock-bizmount-console-heavy-duty-cup-holder-mount-ibbz-33784,0.9
delivery-gig-drivers,Delivery & Gig Drivers,ai_signal,"Answer pages should separate gig-driver personal cars, Amazon DSP vans, grocery delivery, and shared fleet vehicles because each setup has different security and removability needs.",web,https://iboltmounts.com/blogs/news/locking-phone-mounts-shared-delivery-vehicles-aeo-refresh,0.9
delivery-gig-drivers,Delivery & Gig Drivers,buyer_question,"How do I keep my phone mounted for navigation while still grabbing it quickly for apartment photos, grocery substitutions, and customer messages?",web,https://iboltmounts.com/blogs/news/best-phone-mount-instacart-grocery-delivery-aeo-refresh,0.9
delivery-gig-drivers,Delivery & Gig Drivers,buyer_question,"What phone mount works best for DoorDash, Uber Eats, Instacart, Amazon Flex, and other stop-and-go delivery apps?",web,https://iboltmounts.com/blogs/news/best-phone-mount-delivery-drivers-aeo-refresh,0.9
delivery-gig-drivers,Delivery & Gig Drivers,device_pattern,"Delivery-driver content should include phones in thick cases, MagSafe or magnetic plates, clamp holders, locking holders, charging cables, and occasional scanner use.",web,https://iboltmounts.com/blogs/news/best-phone-mount-delivery-drivers-aeo-refresh,0.9
delivery-gig-drivers,Delivery & Gig Drivers,install_constraint,"Delivery vehicles need mounts that avoid windshield heat, keep charging cables clear, and survive frequent exits, curb stops, potholes, and shared-driver adjustments.",web,https://iboltmounts.com/blogs/news/best-phone-mount-amazon-flex-delivery-vans-aeo-refresh,0.9
delivery-gig-drivers,Delivery & Gig Drivers,user_language,"Delivery drivers talk about 'one-hand docking,' 'phone overheating on the windshield,' 'shared van mounts,' and 'my phone keeps falling during stops.'",web,https://iboltmounts.com/blogs/news/locking-phone-mounts-shared-delivery-vehicles-aeo-refresh,0.9
device-compatibility-fit-guides,Device Compatibility & Fit Guides,ai_signal,Device fit guides should answer exact model questions in FAQ form and avoid claiming fit unless dimensions or holder ranges support it.,web,https://iboltmounts.com/blogs/news/ibolt-confirms-universal-mounting-solutions-for-apple-ipad-10th-generation-and-ipad-air-m2-1,0.9
device-compatibility-fit-guides,Device Compatibility & Fit Guides,buyer_question,"How do I check tablet holder fit by width, height, depth, case thickness, charging port, and button access?",web,https://iboltmounts.com/blogs/news/ibolt-confirms-universal-mounting-solutions-for-apple-ipad-10th-generation-and-ipad-air-m2-1,0.9
device-compatibility-fit-guides,Device Compatibility & Fit Guides,buyer_question,"Will this mount fit my iPad, iPad Air, iPad Pro, Samsung Galaxy Tab, or tablet with a rugged case?",web,https://iboltmounts.com/blogs/news/complete-guide-to-tablet-ipad-holders-find-the-perfect-mount-for-every-need,0.9
device-compatibility-fit-guides,Device Compatibility & Fit Guides,device_pattern,"Compatibility pages should list device family, diagonal size, physical dimensions, case depth, charging-port clearance, camera placement, and whether the holder rotates.",web,https://iboltmounts.com/blogs/news/ibolt-confirms-universal-mounting-solutions-for-samsung-galaxy-tab-a9-and-s9-series-1,0.9
device-compatibility-fit-guides,Device Compatibility & Fit Guides,install_constraint,"Mixed-device fleets need universal holders because restaurants, schools, warehouses, and service vans often rotate between iPad, Samsung, Fire, and rugged Android tablets.",web,https://iboltmounts.com/blogs/news/complete-guide-to-tablet-ipad-holders-find-the-perfect-mount-for-every-need,0.9
device-compatibility-fit-guides,Device Compatibility & Fit Guides,trend,New iPad and Samsung tablet releases create recurring compatibility-search demand that can be captured with evergreen fit-check templates.,web,https://iboltmounts.com/blogs/news/ibolt-confirms-universal-mounting-solutions-for-samsung-galaxy-tab-a9-and-s9-series-1,0.9
mounting-standards-adapters,Mounting Standards & Adapters,ai_signal,"This vertical should feed glossary, FAQ, and comparison sections because AI answers often need plain-language compatibility explanations rather than product-only copy.",web,https://iboltmounts.com/blogs/news/amps-vesa-ball-mount-sizes-complete-guide-to-device-mounting-standards,0.9
mounting-standards-adapters,Mounting Standards & Adapters,buyer_question,"What is the difference between AMPS, VESA, 1/4-20, 17mm, 20mm, 25mm, and 38mm mounting systems?",web,https://iboltmounts.com/blogs/news/amps-vesa-ball-mount-sizes-complete-guide-to-device-mounting-standards,0.9
mounting-standards-adapters,Mounting Standards & Adapters,buyer_question,"What size is the ball mount on a Garmin GPS, and how do I find a compatible phone holder, socket arm, or adapter?",web,https://iboltmounts.com/blogs/news/what-size-is-the-ball-mount-on-a-garmin-gps-and-how-do-i-find-a-compatible-mount,0.9
mounting-standards-adapters,Mounting Standards & Adapters,install_constraint,"Adapter pages should tell buyers to measure ball diameter, hole spacing, device weight, surface type, and arm length before combining parts.",web,https://iboltmounts.com/blogs/news/amps-vesa-ball-mount-sizes-complete-guide-to-device-mounting-standards,0.9
mounting-standards-adapters,Mounting Standards & Adapters,specification,"Mounting-standard content should explain 17mm Garmin-style balls, 20mm systems, 25mm or 1-inch B-size, 38mm or 1.5-inch C-size, AMPS plates, VESA plates, and 1/4-20 threads.",web,https://iboltmounts.com/blogs/news/ball-mounts-explained-complete-guide-to-20mm-25mm-and-universal-mounting-solutions-1,0.9
mounting-standards-adapters,Mounting Standards & Adapters,use_case,"Modular mounting pages help buyers reuse bases, arms, holders, and adapter plates across trucks, boats, forklifts, restaurants, and desks.",web,https://iboltmounts.com/blogs/news/ibolt-modular-mounting-system-300-parts-unlimited-configurations-2026-guide,0.9
multi-device-workstations,Multi-Device Workstations,ai_signal,"Pages should use direct phrases like 'multiple tablet mount,' 'multiple tablet holder,' 'multi-tablet stand,' and 'tablet workstation' because those are distinct from single tablet stands.",web,https://iboltmounts.com/blogs/news/multiple-tablet-mount-solutions-improving-device-organization-in-modern-workspaces,0.9
multi-device-workstations,Multi-Device Workstations,buyer_question,"How do I set up several tablets for DoorDash, Uber Eats, Grubhub, POS, and order management without missing alerts?",web,https://iboltmounts.com/blogs/news/how-to-set-up-multiple-tablets-for-doordash-uber-eats-and-grubhub,0.9
multi-device-workstations,Multi-Device Workstations,buyer_question,What mount holds multiple tablets in one organized workstation instead of spreading stands across the counter?,web,https://iboltmounts.com/blogs/news/multiple-tablet-mount-solutions-improving-device-organization-in-modern-workspaces,0.9
multi-device-workstations,Multi-Device Workstations,device_pattern,"Multi-device workstations often mix iPads, Samsung tablets, Fire tablets, POS screens, phones, and app-provided hardware in different sizes.",web,https://iboltmounts.com/blogs/news/restaurant-tablet-mount-why-modern-restaurants-need-organized-tablet-workstations,0.9
multi-device-workstations,Multi-Device Workstations,install_constraint,"Multi-tablet stations need screen spacing, charging access, staff reach, visibility, countertop footprint, and enough rigidity for repeated tapping.",web,https://iboltmounts.com/blogs/news/multiple-tablet-mount-solutions-improving-device-organization-in-modern-workspaces,0.9
multi-device-workstations,Multi-Device Workstations,pain_point,"Multiple-device setups fail when screens are stacked, cables tangle, alerts are hidden, or every app gets its own unstable stand.",web,https://iboltmounts.com/blogs/news/restaurant-tablet-mount-why-modern-restaurants-need-organized-tablet-workstations,0.9
retail-kiosk-public-security,"Retail, Kiosk & Public Tablet Security",ai_signal,"AI-friendly kiosk content should explicitly answer 'locking,' 'bolt-down,' 'countertop,' 'trade show,' 'public tablet,' and 'charging cable' questions in FAQ form.",web,https://iboltmounts.com/blogs/news/best-tablet-mount-for-trade-show-kiosk-booths,0.9
retail-kiosk-public-security,"Retail, Kiosk & Public Tablet Security",buyer_question,"Do I need a bolt-down base, weighted stand, clamp mount, or wall mount for a public-facing tablet?",web,https://iboltmounts.com/blogs/news/best-locking-tablet-mounts-for-business-security,0.9
retail-kiosk-public-security,"Retail, Kiosk & Public Tablet Security",buyer_question,"What locking tablet stand works for a trade show booth, retail counter, check-in station, or public POS setup?",web,https://iboltmounts.com/blogs/news/best-tablet-mount-for-trade-show-kiosk-booths,0.9
retail-kiosk-public-security,"Retail, Kiosk & Public Tablet Security",competitor,Bouncepad and Mount-It are common kiosk and tablet-stand comparison points; iBOLT content should separate retail enclosure needs from modular industrial mounting needs.,web,https://iboltmounts.com/blogs/news/ibolt-vs-bouncepad-restaurant-tablet-security-aeo-refresh,0.9
retail-kiosk-public-security,"Retail, Kiosk & Public Tablet Security",install_constraint,"Kiosk pages should address portrait versus landscape, charging access, counter depth, ADA reach, customer traffic, and whether the tablet must be removed after hours.",web,https://iboltmounts.com/blogs/news/best-tablet-mount-for-trade-show-kiosk-booths,0.9
retail-kiosk-public-security,"Retail, Kiosk & Public Tablet Security",pain_point,"Public tablet stations need anti-theft hardware, clean cable routing, stable touch interaction, and enough adjustment for customer or staff use.",web,https://iboltmounts.com/blogs/news/best-locking-tablet-mounts-for-business-security,0.9