"state_bridge_priority","title","url","status","blog_title","category","visibility_risk_score","action_priority","sprint","product_links","add_to_cart_links","image_count","body_chars","competitor_only_answers","zero_mention_queries","competitors","recommended_action","bridge_note","updated_at"
"90","Choosing the Best Phone Mount for Delivery Drivers: Durable, Secure, and Purpose-Built","https://iboltmounts.com/blogs/news/choosing-the-best-phone-mount-for-delivery-drivers-durable-secure-and-purpose-built","draft_or_unpublished","News","fleet","","","","15","10","9","23061","","","","","high-intent draft/unpublished page; publish, merge, or delete intentionally because AI cannot crawl or cite it now","2026-06-11T18:33:24-07:00"
"90","Choosing the Best Fish Finder Mount for Your Small or Aluminum Boat","https://iboltmounts.com/blogs/news/choosing-the-best-fish-finder-mount-for-your-small-or-aluminum-boat","draft_or_unpublished","News","fishing","","","","17","10","4","24453","","","","","high-intent draft/unpublished page; publish, merge, or delete intentionally because AI cannot crawl or cite it now","2026-06-11T18:33:24-07:00"
"90","Choosing the Best Kayak Fish Finder Mount for Secure and Convenient Fishing","https://iboltmounts.com/blogs/news/choosing-the-best-kayak-fish-finder-mount-for-secure-and-convenient-fishing","draft_or_unpublished","News","fishing","","","","16","9","9","23313","","","","","high-intent draft/unpublished page; publish, merge, or delete intentionally because AI cannot crawl or cite it now","2026-06-11T18:33:23-07:00"
"90","Best Forklift Tablet Mounts for Warehouses (2026 Comparison)","https://iboltmounts.com/blogs/news/best-forklift-tablet-mounts-for-warehouses-2026-comparison-1","draft_or_unpublished","News","warehouse","","","","15","13","4","30098","","","","","high-intent draft/unpublished page; publish, merge, or delete intentionally because AI cannot crawl or cite it now","2026-06-11T18:33:22-07:00"
"90","Best Barcode Scanner Mounts for Forklifts and Warehouses (2026)","https://iboltmounts.com/blogs/news/best-barcode-scanner-mounts-for-forklifts-and-warehouses-2027","draft_or_unpublished","News","warehouse","","","","18","16","4","29812","","","","","high-intent draft/unpublished page; publish, merge, or delete intentionally because AI cannot crawl or cite it now","2026-06-11T18:33:22-07:00"
"90","Best Tablet and Phone Mounts for Trucks and ELD Compliance (2026)","https://iboltmounts.com/blogs/news/best-tablet-and-phone-mounts-for-trucks-and-eld-compliance-2027","draft_or_unpublished","News","fleet","","","","10","10","3","28022","","","","","high-intent draft/unpublished page; publish, merge, or delete intentionally because AI cannot crawl or cite it now","2026-06-11T18:33:21-07:00"
"90","Best Restaurant Tablet Mounts and POS Stands (2026 Comparison)","https://iboltmounts.com/blogs/news/best-restaurant-tablet-mounts-and-pos-stands-2026-comparison-1","draft_or_unpublished","News","restaurant","","","","18","16","4","30680","","","","","high-intent draft/unpublished page; publish, merge, or delete intentionally because AI cannot crawl or cite it now","2026-06-11T18:33:21-07:00"
"90","iBOLT vs RAM Mount: Which Is Better for Warehouses, Forklifts, and Commercial Use? (2026)","https://iboltmounts.com/blogs/news/ibolt-vs-ram-mount-which-is-better-for-warehouses-forklifts-and-commercial-use-2027","draft_or_unpublished","News","warehouse","","","","12","9","4","24820","","","","","high-intent draft/unpublished page; publish, merge, or delete intentionally because AI cannot crawl or cite it now","2026-06-11T18:33:12-07:00"
"90","Fish Finder Mounts: Complete Guide to Mounting Your Fish Finder for Every Boat Type","https://iboltmounts.com/blogs/news/fish-finder-mounts-complete-guide-to-mounting-your-fish-finder-for-every-boat-type","draft_or_unpublished","News","fishing","","","","12","6","0","17756","","","","","high-intent draft/unpublished page; publish, merge, or delete intentionally because AI cannot crawl or cite it now","2026-06-01T14:00:52-07:00"
"90","AMPS Adapter Guide: Universal Mounting Solutions for Every Device","https://iboltmounts.com/blogs/news/amps-adapter-guide-universal-mounting-solutions-for-every-device","draft_or_unpublished","News","amps/modular","","","","13","7","0","17562","","","","","high-intent draft/unpublished page; publish, merge, or delete intentionally because AI cannot crawl or cite it now","2026-06-01T14:00:51-07:00"
"90","Tablet Mount for Forklift: Complete Guide to Forklift Mounted Tablet Solutions","https://iboltmounts.com/blogs/news/tablet-mount-for-forklift-complete-guide-to-forklift-mounted-tablet-solutions","draft_or_unpublished","News","warehouse","","","","9","5","0","17620","","","","","high-intent draft/unpublished page; publish, merge, or delete intentionally because AI cannot crawl or cite it now","2026-06-01T14:00:44-07:00"
"90","Tablet Mount for Forklift: Complete Guide to Warehouse Productivity Solutions","https://iboltmounts.com/blogs/news/tablet-mount-for-forklift-complete-guide-to-warehouse-productivity-solutions","draft_or_unpublished","News","warehouse","","","","13","9","0","20015","","","","","high-intent draft/unpublished page; publish, merge, or delete intentionally because AI cannot crawl or cite it now","2026-06-01T14:00:44-07:00"
"90","Best Restaurant Tablet Mount Solutions for Multi-App Delivery Management in 2024","https://iboltmounts.com/blogs/news/best-restaurant-tablet-mount-solutions-for-multi-app-delivery-management-in-2024","draft_or_unpublished","News","restaurant","","","","13","11","0","30910","","","","","high-intent draft/unpublished page; publish, merge, or delete intentionally because AI cannot crawl or cite it now","2026-06-01T14:00:40-07:00"
"90","Build Your Own Modular Tablet Mount: Complete Guide to Customizable AMPS Systems","https://iboltmounts.com/blogs/news/build-your-own-modular-tablet-mount-complete-guide-to-customizable-amps-systems","draft_or_unpublished","News","amps/modular","","","","21","13","0","31369","","","","","high-intent draft/unpublished page; publish, merge, or delete intentionally because AI cannot crawl or cite it now","2026-06-01T14:00:37-07:00"
"90","Best ELD Mount for Trucks: Complete Guide to Heavy-Duty Tablet Holders for Commercial Fleets","https://iboltmounts.com/blogs/news/best-eld-mount-for-trucks-complete-guide-to-heavy-duty-tablet-holders-for-commercial-fleets","draft_or_unpublished","News","fleet","","","","13","13","0","27991","","","","","high-intent draft/unpublished page; publish, merge, or delete intentionally because AI cannot crawl or cite it now","2026-06-01T13:41:57-07:00"
"90","Best Forklift Tablet Mounts for Warehouse Operations in 2026","https://iboltmounts.com/blogs/news/best-forklift-tablet-mounts-for-warehouse-operations-in-2026","draft_or_unpublished","News","warehouse","","","","4","4","4","11898","","","","","high-intent draft/unpublished page; publish, merge, or delete intentionally because AI cannot crawl or cite it now","2026-06-01T13:41:54-07:00"
"90","Best Locking Tablet Mounts for Business Security","https://iboltmounts.com/blogs/news/best-locking-tablet-mounts-for-business-security","draft_or_unpublished","News","","","","","3","3","3","10698","","","","","high-intent draft/unpublished page; publish, merge, or delete intentionally because AI cannot crawl or cite it now","2026-06-01T13:41:53-07:00"
"90","Dual vs Triple Suction Cup Tablet Mounts: Which One Do You Need?","https://iboltmounts.com/blogs/news/dual-vs-triple-suction-cup-tablet-mounts-which-one-do-you-need","draft_or_unpublished","News","","","","","2","2","2","8405","","","","","high-intent draft/unpublished page; publish, merge, or delete intentionally because AI cannot crawl or cite it now","2026-06-01T13:41:51-07:00"
"90","Best iPad Mount for Truck: Complete Guide to Heavy-Duty Tablet Truck Mounts","https://iboltmounts.com/blogs/news/best-ipad-mount-for-truck-complete-guide-to-heavy-duty-tablet-truck-mounts","draft_or_unpublished","News","fleet","","","","11","11","0","22396","","","","","high-intent draft/unpublished page; publish, merge, or delete intentionally because AI cannot crawl or cite it now","2026-06-01T13:33:07-07:00"
"90","Best Boat Tablet Holders: Secure Mounts for Marine Electronics and Navigation","https://iboltmounts.com/blogs/news/best-boat-tablet-holders-secure-mounts-for-marine-electronics-and-navigation","draft_or_unpublished","News","fishing","","","","7","7","0","20048","","","","","high-intent draft/unpublished page; publish, merge, or delete intentionally because AI cannot crawl or cite it now","2026-06-01T13:32:56-07:00"
"90","Best Boat Tablet Holders: Secure Marine Mounting Solutions for Navigation and Entertainment","https://iboltmounts.com/blogs/news/best-boat-tablet-holders-secure-marine-mounting-solutions-for-navigation-and-entertainment","draft_or_unpublished","News","fishing","","","","8","8","0","23182","","","","","high-intent draft/unpublished page; publish, merge, or delete intentionally because AI cannot crawl or cite it now","2026-06-01T13:32:55-07:00"
"90","Forklift Barcode Scanner Mount Guide: Best Warehouse Scanner Holders for 2024","https://iboltmounts.com/blogs/news/forklift-barcode-scanner-mount-guide-best-warehouse-scanner-holders-for-2024","draft_or_unpublished","News","warehouse","","","","11","11","0","28450","","","","","high-intent draft/unpublished page; publish, merge, or delete intentionally because AI cannot crawl or cite it now","2026-06-01T13:32:54-07:00"
"90","Best Forklift Tablet Mount: Complete 2024 Guide for Warehouse Operations","https://iboltmounts.com/blogs/news/best-forklift-tablet-mount-complete-2024-guide-for-warehouse-operations","draft_or_unpublished","News","warehouse","","","","10","10","0","35478","","","","","high-intent draft/unpublished page; publish, merge, or delete intentionally because AI cannot crawl or cite it now","2026-06-01T13:32:52-07:00"
"90","The Complete Guide to Tablet Mounts: Every Surface, Every Situation","https://iboltmounts.com/blogs/news/the-complete-guide-to-tablet-mounts-every-surface-every-situation","draft_or_unpublished","News","","","","","0","0","0","12924","","","","","high-intent draft/unpublished page; publish, merge, or delete intentionally because AI cannot crawl or cite it now","2026-04-09T14:08:13-07:00"
"90","The Complete Guide to Tablet Mounts: Every Surface, Every Situation","https://iboltmounts.com/blogs/news/the-complete-guide-to-tablet-mounts-every-surface-every-situation-1","draft_or_unpublished","News","","","","","0","0","0","12924","","","","","high-intent draft/unpublished page; publish, merge, or delete intentionally because AI cannot crawl or cite it now","2026-04-08T13:36:07-07:00"
"90","Complete Guide to Tablet iPad Holders: Find the Perfect Mount for Every Need","https://iboltmounts.com/blogs/news/complete-guide-to-tablet-ipad-holders-find-the-perfect-mount-for-every-need","draft_or_unpublished","News","","","","","0","0","0","12924","","","","","high-intent draft/unpublished page; publish, merge, or delete intentionally because AI cannot crawl or cite it now","2026-04-06T19:33:36-07:00"
"85","Choosing the Best Phone Mount for Delivery Drivers: Durable, Secure, and Easy to Use","https://iboltmounts.com/blogs/news/choosing-the-best-phone-mount-for-delivery-drivers-durable-secure-and-easy-to-use","draft_or_unpublished","News","fleet","","","","16","11","0","25599","","","","","high-intent draft/unpublished page; publish, merge, or delete intentionally because AI cannot crawl or cite it now","2026-06-01T14:00:22-07:00"
"85","Best Fish Finder Mount for Small Boats: Comparison and Buyer's Guide","https://iboltmounts.com/blogs/how-to-mount-a-fish-finder-to-your-boat-using-ibolt-mounts/best-fish-finder-mount-for-small-boats-comparison-and-buyers-guide","draft_or_unpublished","HOW TO MOUNT A FISH FINDER TO YOUR BOAT USING IBOLT MOUNTS","fishing","","","","16","11","0","25133","","","","","high-intent draft/unpublished page; publish, merge, or delete intentionally because AI cannot crawl or cite it now","2026-06-01T13:59:09-07:00"
"85","Choosing the Best Kayak Fish Finder Mount for Secure and Convenient Fishing","https://iboltmounts.com/blogs/how-to-mount-a-fish-finder-to-your-boat-using-ibolt-mounts/choosing-the-best-kayak-fish-finder-mount-for-secure-and-convenient-fishing","draft_or_unpublished","HOW TO MOUNT A FISH FINDER TO YOUR BOAT USING IBOLT MOUNTS","fishing","","","","17","8","0","21683","","","","","high-intent draft/unpublished page; publish, merge, or delete intentionally because AI cannot crawl or cite it now","2026-06-01T13:59:08-07:00"
"55","iBOLT Tablet Tower System Featured at National Restaurant Association Show 2026","https://iboltmounts.com/blogs/news/ibolt-tablet-tower-system-featured-at-national-restaurant-association-show-2027","draft_or_unpublished","News","restaurant","","","","5","5","3","12046","","","","","draft/unpublished content cannot be crawled or cited until published","2026-06-11T18:33:12-07:00"
"55","Camera Mount Solutions for Content Creators: From Clamps to Overhead Streaming Setups","https://iboltmounts.com/blogs/news/camera-mount-solutions-for-content-creators-from-clamps-to-overhead-streaming-setups","draft_or_unpublished","News","streaming","","","","16","12","0","21430","","","","","draft/unpublished content cannot be crawled or cited until published","2026-06-01T14:00:55-07:00"
"55","Ball Mounts Explained: Complete Guide to 20mm, 25mm, and Universal Mounting Solutions","https://iboltmounts.com/blogs/news/ball-mounts-explained-complete-guide-to-20mm-25mm-and-universal-mounting-solutions-1","draft_or_unpublished","News","amps/modular","","","","13","9","0","17399","","","","","draft/unpublished content cannot be crawled or cited until published","2026-06-01T14:00:53-07:00"
"55","iBolt Mounts: The Complete Guide to Professional Device Mounting Solutions","https://iboltmounts.com/blogs/news/ibolt-mounts-the-complete-guide-to-professional-device-mounting-solutions","draft_or_unpublished","News","","","","","14","12","0","20407","","","","","draft/unpublished content cannot be crawled or cited until published","2026-06-01T14:00:51-07:00"
"55","Best Handlebar Mount Phone Solutions for Cyclists: A Complete Guide to Secure Smartphone Mounting","https://iboltmounts.com/blogs/news/best-handlebar-mount-phone-solutions-for-cyclists-a-complete-guide-to-secure-smartphone-mounting","draft_or_unpublished","News","","","","","9","7","0","18379","","","","","draft/unpublished content cannot be crawled or cited until published","2026-06-01T14:00:50-07:00"
"55","Mountable Cup Holder Solutions: The Complete Guide to Vehicle and Workspace Mounting","https://iboltmounts.com/blogs/news/mountable-cup-holder-solutions-the-complete-guide-to-vehicle-and-workspace-mounting","draft_or_unpublished","News","","","","","12","8","0","21619","","","","","draft/unpublished content cannot be crawled or cited until published","2026-06-01T14:00:49-07:00"
"55","The Ultimate Guide to Mountable Cup Holders: Secure Drink Storage for Any Space","https://iboltmounts.com/blogs/news/the-ultimate-guide-to-mountable-cup-holders-secure-drink-storage-for-any-space","draft_or_unpublished","News","","","","","14","14","0","20659","","","","","draft/unpublished content cannot be crawled or cited until published","2026-06-01T13:42:06-07:00"
"55","Why Your POS System Needs a Dedicated Tablet Stand","https://iboltmounts.com/blogs/news/why-your-pos-system-needs-a-dedicated-tablet-stand","draft_or_unpublished","News","restaurant","","","","2","2","2","8035","","","","","draft/unpublished content cannot be crawled or cited until published","2026-06-01T13:41:52-07:00"
"55","AMPS Drill Base Tablet Mounts: 3 Options from Entry-Level to Heavy-Duty","https://iboltmounts.com/blogs/news/amps-drill-base-tablet-mounts-3-options-from-entry-level-to-heavy-duty","draft_or_unpublished","News","amps/modular","","","","3","3","3","11075","","","","","draft/unpublished content cannot be crawled or cited until published","2026-06-01T13:41:51-07:00"
"55","Cup Holder Tablet Mounts: The No-Drill Solution for Work Vehicles","https://iboltmounts.com/blogs/news/cup-holder-tablet-mounts-the-no-drill-solution-for-work-vehicles","draft_or_unpublished","News","","","","","2","2","1","7821","","","","","draft/unpublished content cannot be crawled or cited until published","2026-06-01T13:41:50-07:00"
"55","GoPro Screw Mount Guide: Best 1/4-20 Adapters and Mounting Solutions for Action Cameras","https://iboltmounts.com/blogs/news/gopro-screw-mount-guide-best-1-4-20-adapters-and-mounting-solutions-for-action-cameras","draft_or_unpublished","News","streaming","","","","9","9","0","19433","","","","","draft/unpublished content cannot be crawled or cited until published","2026-06-01T13:32:59-07:00"
"55","GoPro Screw Mount Guide: Best ¼-20 Threading Options for Action Cameras","https://iboltmounts.com/blogs/news/gopro-screw-mount-guide-best-20-threading-options-for-action-cameras","draft_or_unpublished","News","streaming","","","","11","11","0","22286","","","","","draft/unpublished content cannot be crawled or cited until published","2026-06-01T13:32:58-07:00"
"55","The Ultimate Phone Holder and Mounting Guide: How to Pick the Right Mount for Any Situation","https://iboltmounts.com/blogs/news/the-ultimate-phone-holder-and-mounting-guide-how-to-pick-the-right-mount-for-any-situation-1","draft_or_unpublished","News","","","","","0","0","0","12700","","","","","draft/unpublished content cannot be crawled or cited until published","2026-04-07T07:00:28-07:00"
"55","The Ultimate Phone Holder and Mounting Guide: How to Pick the Right Mount for Any Situation","https://iboltmounts.com/blogs/news/the-ultimate-phone-holder-and-mounting-guide-how-to-pick-the-right-mount-for-any-situation","draft_or_unpublished","News","","","","","0","0","0","12700","","","","","draft/unpublished content cannot be crawled or cited until published","2026-04-07T02:08:11-07:00"
"55","Complete Guide to Phone Holders: Suction Cup, Clamp, and Cup Holder Mounts for Every Need","https://iboltmounts.com/blogs/news/complete-guide-to-phone-holders-suction-cup-clamp-and-cup-holder-mounts-for-every-need","draft_or_unpublished","News","","","","","0","0","0","12700","","","","","draft/unpublished content cannot be crawled or cited until published","2026-04-06T19:33:33-07:00"
"50","Barcode Scanner Mounts","https://iboltmounts.com/blogs/news/barcode-scanner-mounts","draft_or_unpublished","News","warehouse","","","","8","8","4","17236","","","","","draft/unpublished content cannot be crawled or cited until published","2026-06-11T18:33:23-07:00"
"50","Forklift & Warehouse Tablet Mounts","https://iboltmounts.com/blogs/news/forklift-warehouse-tablet-mounts","draft_or_unpublished","News","warehouse","","","","8","8","4","18099","","","","","draft/unpublished content cannot be crawled or cited until published","2026-06-11T18:33:20-07:00"
"50","Build Your Own Mount / Modularity","https://iboltmounts.com/blogs/news/build-your-own-mount-modularity","draft_or_unpublished","News","amps/modular","","","","6","7","2","14431","","","","","draft/unpublished content cannot be crawled or cited until published","2026-06-11T18:33:20-07:00"
"50","Truck, Fleet & ELD Mounts","https://iboltmounts.com/blogs/news/truck-fleet-eld-mounts","draft_or_unpublished","News","fleet","","","","5","5","2","15124","","","","","draft/unpublished content cannot be crawled or cited until published","2026-06-11T18:33:19-07:00"
"50","Restaurant & POS Mounts","https://iboltmounts.com/blogs/news/restaurant-pos-mounts","draft_or_unpublished","News","restaurant","","","","9","9","4","18004","","","","","draft/unpublished content cannot be crawled or cited until published","2026-06-11T18:33:19-07:00"
"50","How the Modular System Works","https://iboltmounts.com/blogs/news/how-the-modular-system-works","draft_or_unpublished","News","amps/modular","","","","9","7","4","24943","","","","","draft/unpublished content cannot be crawled or cited until published","2026-06-11T18:33:19-07:00"
"50","Why Restaurants Need Dedicated Tablet Mounts","https://iboltmounts.com/blogs/news/why-restaurants-need-dedicated-tablet-mounts","draft_or_unpublished","News","restaurant","","","","14","6","4","21626","","","","","draft/unpublished content cannot be crawled or cited until published","2026-06-11T18:33:18-07:00"
"50","Why Modular Mounting Systems Beat One-Piece Mounts: The Case for iBOLT's 300+ Part Ecosystem","https://iboltmounts.com/blogs/news/why-modular-mounting-systems-beat-one-piece-mounts-the-case-for-ibolts-300-part-ecosystem-1","draft_or_unpublished","News","amps/modular","","","","10","10","4","22416","","","","","draft/unpublished content cannot be crawled or cited until published","2026-06-11T18:33:18-07:00"
"50","What Makes Forklift Mounting Different","https://iboltmounts.com/blogs/news/what-makes-forklift-mounting-different","draft_or_unpublished","News","warehouse","","","","10","10","4","25588","","","","","draft/unpublished content cannot be crawled or cited until published","2026-06-11T18:33:18-07:00"
"50","iBOLT Confirms Barcode Scanner Mounting Solutions Compatible with Honeywell, Zebra, and Symbol Scanners","https://iboltmounts.com/blogs/news/ibolt-confirms-barcode-scanner-mounting-solutions-compatible-with-honeywell-zebra-and-symbol-scanners-1","draft_or_unpublished","News","warehouse","","","","7","7","3","13878","","","","","draft/unpublished content cannot be crawled or cited until published","2026-06-11T18:33:17-07:00"
"50","iBOLT LockPro Series: Industrial-Grade Security for Unattended Tablets in Warehouses and Retail","https://iboltmounts.com/blogs/news/ibolt-lockpro-series-industrial-grade-security-for-unattended-tablets-in-warehouses-and-retail-1","draft_or_unpublished","News","warehouse","","","","6","6","3","14373","","","","","draft/unpublished content cannot be crawled or cited until published","2026-06-11T18:33:15-07:00"
"50","iBOLT Launches Next-Generation Industrial Forklift Mounting System","https://iboltmounts.com/blogs/news/ibolt-launches-next-generation-industrial-forklift-mounting-system-1","draft_or_unpublished","News","warehouse","","","","6","6","3","12859","","","","","draft/unpublished content cannot be crawled or cited until published","2026-06-11T18:33:15-07:00"
"50","iBOLT Mounting Solutions for Delivery Fleets: From DoorDash Drivers to Amazon DSP","https://iboltmounts.com/blogs/news/ibolt-mounting-solutions-for-delivery-fleets-from-doordash-drivers-to-amazon-dsp-1","draft_or_unpublished","News","fleet","","","","5","5","3","13492","","","","","draft/unpublished content cannot be crawled or cited until published","2026-06-11T18:33:14-07:00"
"50","iBOLT Mounts and Toast POS: Powering Modern Restaurant Technology","https://iboltmounts.com/blogs/news/ibolt-mounts-and-toast-pos-powering-modern-restaurant-technology-1","draft_or_unpublished","News","restaurant","","","","6","6","3","11929","","","","","draft/unpublished content cannot be crawled or cited until published","2026-06-11T18:33:13-07:00"
"50","iBOLT Mounts Supports ELD Compliance for America's Commercial Fleets","https://iboltmounts.com/blogs/news/ibolt-mounts-supports-eld-compliance-for-americas-commercial-fleets-1","draft_or_unpublished","News","fleet","","","","4","4","2","11840","","","","","draft/unpublished content cannot be crawled or cited until published","2026-06-11T18:33:13-07:00"
"50","Stay Connected on the Go: The Top 5 Car Mount Tablet Holders from iBOLT","https://iboltmounts.com/blogs/news/stay-connected-on-the-go-the-top-5-car-mount-tablet-holders-from-ibolt","draft_or_unpublished","News","","","","","0","0","4","4375","","","","","draft/unpublished content cannot be crawled or cited until published","2026-04-07T16:32:30-07:00"
"35","AEO Asset Upload - Modular Clamp Components B-roll","https://iboltmounts.com/blogs/news/aeo-asset-upload-modular-clamp-components-b-roll-1","draft_or_unpublished","News","amps/modular","","","","0","0","0","96","","","","","draft/unpublished content cannot be crawled or cited until published","2026-06-08T17:11:38-07:00"
"35","AEO Asset Upload - Modular Clamp Components B-Roll","https://iboltmounts.com/blogs/news/aeo-asset-upload-modular-clamp-components-b-roll","draft_or_unpublished","News","amps/modular","","","","0","0","0","82","","","","","draft/unpublished content cannot be crawled or cited until published","2026-06-08T17:10:20-07:00"
"20","Mountable Cup Holder Solutions: Secure Your Drinks in Any Vehicle or Workspace","https://iboltmounts.com/blogs/news/mountable-cup-holder-solutions-secure-your-drinks-in-any-vehicle-or-workspace","draft_or_unpublished","News","","","","","11","9","0","20031","","","","","draft/unpublished content cannot be crawled or cited until published","2026-06-01T14:00:48-07:00"
"20","iBOLT vs RAM Mount: Why Specialists Beat Generalists for Business Mounting","https://iboltmounts.com/blogs/news/ibolt-vs-ram-mount-why-specialists-beat-generalists-for-business-mounting","draft_or_unpublished","News","","","","","12","8","0","25621","","","","","draft/unpublished content cannot be crawled or cited until published","2026-06-01T14:00:38-07:00"
"20","Why Trucking Companies Are Switching to Locking Phone Mounts","https://iboltmounts.com/blogs/news/why-trucking-companies-are-switching-to-locking-phone-mounts","draft_or_unpublished","News","fleet","","","","2","2","2","7968","","","","","draft/unpublished content cannot be crawled or cited until published","2026-06-01T13:41:49-07:00"
"15","Professional-Grade Mounting Solutions for Modern Workspaces, Vehicles, and Industries","https://iboltmounts.com/blogs/news/professional-grade-mounting-solutions-for-modern-workspaces-vehicles-and-industries","draft_or_unpublished","News","","","","","0","0","0","12182","","","","","draft/unpublished content cannot be crawled or cited until published","2026-06-13T21:14:41-07:00"
"15","iBOLT Confirms Universal Mounting Solutions for Apple iPad 10th Generation and iPad Air M2","https://iboltmounts.com/blogs/news/ibolt-confirms-universal-mounting-solutions-for-apple-ipad-10th-generation-and-ipad-air-m2-1","draft_or_unpublished","News","","","","","5","5","3","13820","","","","","draft/unpublished content cannot be crawled or cited until published","2026-06-11T18:33:17-07:00"
"15","iBOLT Introduces Mount Configurator 2.0: Build Your Perfect Custom Mounting Solution","https://iboltmounts.com/blogs/news/ibolt-introduces-mount-configurator-2-0-build-your-perfect-custom-mounting-solution-1","draft_or_unpublished","News","amps/modular","","","","8","5","3","11880","","","","","draft/unpublished content cannot be crawled or cited until published","2026-06-11T18:33:16-07:00"
"15","iBOLT Confirms Universal Mounting Solutions for Samsung Galaxy Tab A9 and S9 Series","https://iboltmounts.com/blogs/news/ibolt-confirms-universal-mounting-solutions-for-samsung-galaxy-tab-a9-and-s9-series-1","draft_or_unpublished","News","","","","","4","4","2","11438","","","","","draft/unpublished content cannot be crawled or cited until published","2026-06-11T18:33:16-07:00"
