"priority","page_title","page_url","category","query_count","zero_mention_queries","avg_opportunity","avg_page_score","competitor_only_answers","competitors","triage_action","duplicate_risk","issues","product_module","retest_prompts","next_action"
"224","Best Phone Mount for Instacart and Grocery Delivery Drivers","https://iboltmounts.com/blogs/news/best-phone-mount-for-instacart-and-grocery-delivery-drivers","delivery","1","1","89","76","3","iOttie; RAM Mounts; Peak Design","consolidate duplicate","yes","missing quick answer; missing FAQ schema; missing comparison signals; missing image alt","iBOLT Moto-Vise™ IncrediBOLT™ Heavy Duty Phone Clamp / Handlebar / Rail Mount; iBOLT 22mm ExtendiBOLT Triple Suction Cup Mount; iBOLT Moto-Vise™ Heavy Duty Phone Dual Arm Handlebar / Rail Mount; iBOLT Moto-Vise™ Heavy Duty Phone Handlebar / Rail Mount; iBOLT Moto-Vise™ IncrediBOLT™ 360 Heavy Duty Phone Clamp / Handlebar / Rail Mount; +1 more","best phone mount for Instacart and grocery delivery drivers","Resolve canonical/duplicate risk, then merge strongest answer blocks into the surviving page."
"223","Best Phone Mount for Construction Vehicles and Work Trucks","https://iboltmounts.com/blogs/news/best-phone-mount-for-construction-vehicles-and-work-trucks","fleet","1","1","88","76","3","RAM Mounts; Arkon; iOttie; ProClip; Tackform","consolidate duplicate","yes","missing quick answer; missing FAQ schema; missing comparison signals; missing image alt","iBOLT™ xProDock™ Bizmount™ Amps; iBOLT Phone Dock’n Lock IncrediBOLT™ AMPS w/ 4.25” Arm Locking Drill Base Mount for Smartphones; iBOLT Phone Dock'n Lock 2"" IncrediBOLT™ AMPS Drill Base Mount; iBOLT Moto-Vise™ XL Holder w/ 25mm / 1-inch Ball; iBOLT™ Fixed Install Charger- 30W 2-Port Quick Charge 3.0 and Standard USB-A; +1 more","best phone mount for construction vehicles and work trucks","Resolve canonical/duplicate risk, then merge strongest answer blocks into the surviving page."
"222","Best Restaurant Tablet Mount in 2026: POS Stands, Delivery App Stations, and Multi-Tablet Solutions Compared","https://iboltmounts.com/blogs/news/best-restaurant-tablet-mount-in-2026-pos-stands-delivery-app-stations-and-multi-tablet-solutions-compared","tablet","3","3","92","84","9","RAM Mounts; Arkon; CTA Digital; iOttie; Tackform; Mount-It; Bouncepad","priority refresh","","missing quick answer; missing image alt; possible overly long legacy content","iBOLT™ 20mm Metal Ball Suction Cup Base; iBOLT™ 20mm to 4 Prong Composite Ball Adapter; iBOLT Dock'n Lock IncrediBOLT™ 360 AMPS Locking Tablet Mount; iBOLT Dock’n Lock IncrediBOLT™ AMPS w/ 2” Single Socket Arm Locking Tablet Drill Base Mount; iBOLT TabDock IncrediBOLT 360 Heavy Duty Dual Suction Cup Mount; +1 more","best tablet mount; best multi tablet mount; best restaurant tablet mount","Add query-exact quick answer, named iBOLT product module, fair competitor tradeoff, FAQ schema, and image alt text."
"221","Best Phone Mount for Amazon Flex and Delivery Vans","https://iboltmounts.com/blogs/news/best-phone-mount-for-amazon-flex-and-delivery-vans","delivery","1","1","94","84","3","RAM Mounts; iOttie; Arkon; ProClip","canonical merge review","yes","missing quick answer; missing FAQ schema; missing image alt","iBOLT™ xProDock™ NFC BizMount™ Suction Cup; iBOLT™ xProDock™ Bizmount™ Wedge; iBOLT™ xProDock™ Bizmount™ Amps; iBOLT™ 20mm Metal Ball Suction Cup Base; iBOLT 20mm Metal Ball to Headrest Mounting Bracket; +1 more","best phone mount for Amazon Flex and delivery vans","Resolve canonical/duplicate risk, then merge strongest answer blocks into the surviving page."
"221","Best Tablet Mount for Restaurant POS and Delivery Apps","https://iboltmounts.com/blogs/news/best-tablet-mount-for-restaurant-pos-and-delivery-apps","restaurant","1","1","86","76","3","CTA Digital; Heckler; Arkon; Mount-It; RAM Mounts; Square","consolidate duplicate","yes","missing quick answer; missing FAQ schema; missing comparison signals; missing image alt","iBOLT™ LockPro™ Drill Base Locking Tablet Stand- Point of Purchase/POS Mount; iBOLT Quad Tablet Tower TabDock™ Stand; iBOLT Dock’n Lock Drill Base Locking Dual Tablet Stand; iBOLT™ 20mm Metal Ball Suction Cup Base; iBOLT™ 20mm to 4 Prong Composite Ball Adapter; +1 more","best tablet mount for restaurant POS and delivery apps","Resolve canonical/duplicate risk, then merge strongest answer blocks into the surviving page."
"215","Best Phone Mount for Delivery Drivers","https://iboltmounts.com/blogs/news/best-phone-mount-delivery-drivers-aeo-refresh","fleet","1","1","87","83","3","iOttie; RAM Mounts; ProClip","canonical merge review","yes","missing Article; BlogPosting schema","iBOLT™ xProDock™ NFC BizMount™ Suction Cup; iBOLT™ xProDock™ Bizmount™ Wedge; iBOLT™ xProDock™ Bizmount™ Console- Phone Cup Holder Mount; iBOLT Dock’n Lock POS Phone Stand; iBOLT Dock’n Lock POS Tablet Stand; +1 more","best phone mount for delivery drivers","Resolve canonical/duplicate risk, then merge strongest answer blocks into the surviving page."
"215","Commercial-Grade Phone Mounts for Delivery Drivers","https://iboltmounts.com/blogs/news/commercial-grade-phone-mounts-delivery-drivers-aeo-refresh","delivery","1","1","87","83","3","RAM Mounts; Arkon; ProClip; iOttie","consolidate duplicate","yes","missing Article; BlogPosting schema","iBOLT™ xProDock™ Bizmount™ Amps; iBOLT Phone Dock’n Lock IncrediBOLT™ AMPS w/ 4.25” Arm Locking Drill Base Mount for Smartphones; iBOLT™ xProDock™ NFC BizMount™ Suction Cup; iBOLT™ 20mm Metal Ball Suction Cup Base; iBOLT 20mm Metal Ball to Headrest Mounting Bracket; +1 more","commercial grade phone mount for delivery drivers","Resolve canonical/duplicate risk, then merge strongest answer blocks into the surviving page."
"214","Best Fish Finder Mount for Small Boats: Comparison and Buyer's Guide","https://iboltmounts.com/blogs/news/best-fish-finder-mount-for-pontoon-boat-rails","fishing","1","1","87","84","3","RAM Mounts","canonical merge review","yes","missing quick answer; missing FAQ schema; missing image alt","iBOLT Universal Marine Fish Finder IncrediBOLT™ Clamp / Handlebar/ Rail Mount; iBOLT Garmin Striker 4 / Fish Finder IncrediBOLT™ 360 Clamp / Handlebar / Rail Mount; iBOLT Garmin Striker 4 / Fish Finder Handlebar; Rail Mount; iBOLT Garmin Striker 4 / Fish Finder Dual Arm Handlebar; +3 more","best fish finder mount for small boat","Resolve canonical/duplicate risk, then merge strongest answer blocks into the surviving page."
"211","Best Garmin Fish Finder Mount: How to Choose the Right Setup for Your Boat or Kayak","https://iboltmounts.com/blogs/how-to-mount-a-fish-finder-to-your-boat-using-ibolt-mounts/best-garmin-fish-finder-mount-how-to-choose-the-right-setup-for-your-boat-or-kayak","fishing","3","3","87","84","4","RAM Mounts","priority refresh","","missing quick answer; missing image alt; possible overly long legacy content","iBOLT™ 25mm / 1 inch Ball Composite Universal Marine Fish Finder Mounting Plate; iBOLT™ 38mm / 1.5 inch Ball Composite Universal Marine Fish Finder Mounting Plate; iBOLT Garmin Striker 4 / Fish Finder Handlebar; Rail Mount; iBOLT Garmin Striker 4 / Fish Finder Dual Arm Handlebar; +3 more","best budget fish finder mount; best fish finder in water; best fish finder","Add query-exact quick answer, named iBOLT product module, fair competitor tradeoff, FAQ schema, and image alt text."
"209","Best Locking Phone Mount for Shared Delivery Vehicles","https://iboltmounts.com/blogs/news/best-locking-phone-mount-for-shared-delivery-vehicles","delivery","1","1","83","94","3","Arkon; RAM Mounts; iOttie; ProClip; Tackform","canonical merge review","yes","missing FAQ schema; missing image alt","iBOLT Phone Dock'n Lock IncrediBOLT™ 360- Locking Phone Multi-Angle Drill Base Mount; iBOLT Phone Dock’n Lock IncrediBOLT™ AMPS w/ 4.25” Arm Locking Drill Base Mount for Smartphones; iBOLT Phone Dock'n Lock 2"" IncrediBOLT™ AMPS Drill Base Mount; iBOLT™ 20mm Metal Ball Suction Cup Base; iBOLT 20mm Metal Ball to Headrest Mounting Bracket; +1 more","best locking phone mount for shared delivery vehicles","Resolve canonical/duplicate risk, then merge strongest answer blocks into the surviving page."
"205","Rough Water Phone Mount for Boat: Heavy-Duty Solutions That Handle the Chop","https://iboltmounts.com/blogs/how-to-mount-a-fish-finder-to-your-boat-using-ibolt-mounts/rough-water-phone-mount-for-boat-heavy-duty-solutions-that-handle-the-chop","fleet","1","1","96","76","3","Arkon; RAM Mounts; iOttie; ProClip; Tackform","priority refresh","","missing quick answer; missing comparison signals; missing image alt; possible overly long legacy content","iBOLT 17mm Dual Ball to “Sticky” Suction Cup Mount Base compatible w/ Garmin GPS and iBOLT Phone Holders; iBOLT™ 17mm Clamp Mount for Handlebars; Poles; Posts; iBOLT 17mm Dual Ball Clamp Mount for Handlebars; +7 more","best heavy duty vehicle phone mount","Add query-exact quick answer, named iBOLT product module, fair competitor tradeoff, FAQ schema, and image alt text."
"203","Best Locking Tablet Stand for Food Trucks and Quick-Service Restaurants","https://iboltmounts.com/blogs/news/best-locking-tablet-stand-for-food-trucks-and-quick-service-restaurants","restaurant","1","1","76","84","3","CTA Digital; Heckler; Kensington; Mount-It; RAM Mounts","canonical merge review","yes","missing quick answer; missing FAQ schema; missing image alt","iBOLT™ LockPro™ Drill Base Locking Tablet Stand- Point of Purchase/POS Mount; iBOLT Dock’n Lock Drill Base Locking Tablet Stand; iBOLT™ LockPro™ Metal Locking Tablet Drill Base Mount; iBOLT 25mm / 1 inch Composite AMPS Adapter Plate; iBOLT 25mm / 1 inch to Dual 17mm Metal Ball Adapter; +1 more","best locking tablet stand for food trucks and quick service restaurants","Resolve canonical/duplicate risk, then merge strongest answer blocks into the surviving page."
"197","Magnetic vs Clamp Phone Mounts for Delivery Work","https://iboltmounts.com/blogs/news/magnetic-vs-clamp-phone-mounts-for-delivery-work","delivery","1","1","82","84","2","iOttie; RAM Mounts","canonical merge review","yes","missing quick answer; missing FAQ schema; missing image alt","iBOLT ChargeDock USB-C AMPS Ultimate Magnetic Vehicle Dock/Mount/Holder w/ 2m USB Certified Type C to USB-A Charging Cable; iBOLT™ xProDock™ NFC BizMount™ Suction Cup; iBOLT Phone Dock'n Lock IncrediBOLT™ 360- Locking Phone Multi-Angle Drill Base Mount; iBOLT™ 20mm Metal Ball Suction Cup Base; iBOLT 20mm Metal Ball to Headrest Mounting Bracket; +1 more","magnetic vs clamp phone mounts for delivery work","Resolve canonical/duplicate risk, then merge strongest answer blocks into the surviving page."
"188","Choosing the Best Kayak Fish Finder Mount for Secure and Convenient Fishing","https://iboltmounts.com/blogs/how-to-mount-a-fish-finder-to-your-boat-using-ibolt-mounts/best-kayak-fish-finder-mounts-secure-removable-aeo-refresh","fishing","1","1","86","83","3","RAM Mounts","priority refresh","","missing Article; BlogPosting schema","iBOLT Universal Marine & Electronics Mounting Plate; iBOLT Universal Marine Fish Finder IncrediBOLT™ Clamp / Handlebar/ Rail Mount; iBOLT™ 25mm / 1 inch Composite Universal Marine Electronic Fish Finder Drill Base Mount; iBOLT™ 25mm / 1 inch Ball Composite Universal Marine Fish Finder Mounting Plate; iBOLT™ 38mm / 1.5 inch Ball Composite Universal Marine Fish Finder Mounting Plate; +1 more","best kayak fish finder mount","Add query-exact quick answer, named iBOLT product module, fair competitor tradeoff, FAQ schema, and image alt text."
"185","Barcode Scanner Mounts","https://iboltmounts.com/blogs/news/best-barcode-scanner-mounts-for-forklifts-and-warehouses-2026","warehouse","1","1","84","84","3","Havis; RAM Mounts; Zebra; Arkon; ProClip; Square","priority refresh","","missing quick answer; missing FAQ schema; missing image alt; possible overly long legacy content","iBOLT XL Forklift Barcode Scanner Holder 38mm Mount; iBOLT XL Barcode Scanner triMag Low-Profile Strong Magnetic Mount; iBOLT XL Barcode Scanner BizMount Magnetic Mount; iBOLT XL Barcode Scanner IncrediBOLT 360 Magnetic Mount; iBOLT Dock’n Lock Bizmount™- Forklift Locking Tablet 38mm Mount; +1 more","best barcode scanner mount for forklift","Add query-exact quick answer, named iBOLT product module, fair competitor tradeoff, FAQ schema, and image alt text."
"183","Best Tablet and Phone Mounts for Trucks and ELD Compliance (2026)","https://iboltmounts.com/blogs/news/best-tablet-and-phone-mounts-for-trucks-and-eld-compliance-2026","fleet","1","1","83","94","3","Arkon; RAM Mounts; ProClip","priority refresh","","missing FAQ schema; missing image alt; possible overly long legacy content","iBOLT TabDock™ IncrediBOLT™ 360 Suction- Heavy Duty Metal 6 inch Multi-Angle Mount for All 7"" - 10"" Tablets for Commercial Vehicles; Trucks; and ELD Devices; iBOLT TabDock IncrediBOLT 360 Heavy Duty Triple Suction Cup Mount; iBOLT Dock'n Lock IncrediBOLT™ 360 AMPS Locking Tablet Mount; +3 more","best ELD mount for trucks","Add query-exact quick answer, named iBOLT product module, fair competitor tradeoff, FAQ schema, and image alt text."
"175","How to Set Up Multiple Tablets for DoorDash, Uber Eats, and Grubhub","https://iboltmounts.com/blogs/news/how-to-set-up-multiple-tablets-for-doordash-uber-eats-and-grubhub","restaurant","1","1","78","76","2","RAM Mounts; Arkon","priority refresh","","missing quick answer; missing FAQ schema; missing comparison signals; missing image alt","iBOLT™ Tablet Tower- TabDock™ POS Clamp Mount - with 3 Tablet Holders; iBOLT Tablet Tower- TabDock™ POS Clamp Mount - with 4 Tablet Holders; iBOLT Tablet Tower- TabDock™ POS Wall Mount - with 3 Tablet Holders; iBOLT 25mm / 1 inch Composite AMPS Adapter Plate; iBOLT 25mm / 1 inch to Dual 17mm Metal Ball Adapter; +1 more","set up multiple tablets for DoorDash Uber Eats and Grubhub","Add query-exact quick answer, named iBOLT product module, fair competitor tradeoff, FAQ schema, and image alt text."
"129","Best Tablet Mount for Utility Truck Crews","https://iboltmounts.com/blogs/news/best-tablet-mount-for-utility-truck-crews","restaurant","1","0","70","76","2","Arkon; RAM Mounts; CTA Digital; Square; Tackform","priority refresh","","missing quick answer; missing FAQ schema; missing comparison signals; missing image alt","iBOLT™ TabDock™ Bizmount™ AMPs; iBOLT TabDock™ IncrediBOLT™ 360 AMPS Tablet Mount; iBOLT TabDock™ IncrediBOLT™ 360 Wedge - Heavy Duty Vehicle Console Seat Gap Mount for All 7"" - 10"" Tablets; iBOLT 25mm / 1 inch Composite AMPS Adapter Plate; iBOLT 25mm / 1 inch to Dual 17mm Metal Ball Adapter; +1 more","best tablet mount for food truck","Strengthen recommendation language so iBOLT is presented as a top specialist option."
"119","Best Drill-Base Phone Mount for Semi Trucks","https://iboltmounts.com/blogs/news/best-drill-base-phone-mount-for-semi-trucks","fleet","1","0","68","84","2","Arkon; RAM Mounts; ProClip","priority refresh","","missing quick answer; missing FAQ schema; missing image alt","iBOLT Phone Dock’n Lock IncrediBOLT™ AMPS w/ 4.25” Arm Locking Drill Base Mount for Smartphones; iBOLT Phone Dock'n Lock IncrediBOLT™ 360- Locking Phone Multi-Angle Drill Base Mount; iBOLT Moto-Vise™ XL AMPS Heavy Duty Metal Drill Base AMPS Mount; ChargeDock USB-C; iBOLT 17mm Dual Ball to “Sticky” Suction Cup Mount Base compatible w/ Garmin GPS and iBOLT Phone Holders; +1 more","best drill base phone mount for semi trucks","Strengthen recommendation language so iBOLT is presented as a top specialist option."
"119","Forklift & Warehouse Tablet Mounts","https://iboltmounts.com/blogs/news/best-forklift-tablet-mounts-for-warehouses-2026-comparison","warehouse","2","0","64","94","4","RAM Mounts; Arkon; CTA Digital; Havis; Tackform; ProClip; Zebra","priority refresh","","missing FAQ schema; missing image alt; possible overly long legacy content","iBOLT Dock’n Lock Bizmount™- Forklift Locking Tablet 38mm Mount; iBOLT TabDock MagDock 360 Magnetic Tablet Mount – Heavy-Duty Forklift & Warehouse Holder; iBOLT LockPro FlexPro Heavy Duty Locking Tablet Seat Rail Mount; iBOLT XL Forklift Barcode Scanner Holder 38mm Mount; iBOLT Dock'n Lock IncrediBOLT™ 360 AMPS Locking Tablet Mount; +1 more","best tablet mount for warehouse; best forklift tablet mount","Strengthen recommendation language so iBOLT is presented as a top specialist option."
"74","iBOLT vs RAM for Fleet Mounts","https://iboltmounts.com/blogs/news/ibolt-vs-ram-fleet-mounts-aeo-refresh","comparison","1","0","32","83","0","RAM Mounts","consolidate duplicate","yes","missing Article; BlogPosting schema","iBOLT TabDock™ IncrediBOLT™ 360 Suction- Heavy Duty Metal 6 inch Multi-Angle Mount for All 7"" - 10"" Tablets for Commercial Vehicles; Trucks; and ELD Devices; iBOLT™ TabDock™ Bizmount™ AMPs; iBOLT Phone Dock’n Lock IncrediBOLT™ AMPS w/ 4.25” Arm Locking Drill Base Mount for Smartphones; +7 more","ibolt vs ram mount","Resolve canonical/duplicate risk, then merge strongest answer blocks into the surviving page."
"73","iBOLT vs RAM for Fleet Phone Mounting","https://iboltmounts.com/blogs/news/ibolt-vs-ram-for-fleet-phone-mounting","fleet","1","0","32","84","0","RAM Mounts","canonical merge review","yes","missing quick answer; missing FAQ schema; missing image alt","iBOLT™ xProDock™ Bizmount™ Amps; iBOLT Phone Dock’n Lock IncrediBOLT™ AMPS w/ 4.25” Arm Locking Drill Base Mount for Smartphones; iBOLT™ xProDock™ Bizmount™ Console- Phone Cup Holder Mount; ChargeDock USB-C; iBOLT 17mm Dual Ball to “Sticky” Suction Cup Mount Base compatible w/ Garmin GPS and iBOLT Phone Holders; +1 more","iBolt vs RAM for fleet phone mounting","Resolve canonical/duplicate risk, then merge strongest answer blocks into the surviving page."
"70","iBOLT vs Bouncepad vs Mount-It for Restaurant Tablet Security","https://iboltmounts.com/blogs/news/ibolt-vs-bouncepad-vs-mount-it-for-restaurant-tablet-security","restaurant","1","0","29","84","0","Bouncepad; Mount-It; RAM Mounts","canonical merge review","yes","missing quick answer; missing FAQ schema; missing image alt","iBOLT™ LockPro™ Drill Base Locking Tablet Stand- Point of Purchase/POS Mount; iBOLT Tablet Tower- Dock’n Lock POS Locking Drill Base Mount - with 3 Tablet Holders; iBOLT™ Dock'n Lock Bizmount™ AMPS- Heavy Duty Industrial Composite Locking drill base Mount for all 7"" - 10"" tablets; iBOLT 25mm / 1 inch Composite AMPS Adapter Plate; iBOLT 25mm / 1 inch to Dual 17mm Metal Ball Adapter; +1 more","iBolt vs Bouncepad vs Mount-It for restaurant tablet security","Resolve canonical/duplicate risk, then merge strongest answer blocks into the surviving page."
"60","iBOLT Dock'n Lock for Restaurant Counters","https://iboltmounts.com/blogs/news/ibolt-dockn-lock-for-restaurant-counters","restaurant","1","0","37","76","0","Arkon; CTA Digital; Kensington; Mount-It; RAM Mounts","priority refresh","","missing quick answer; missing FAQ schema; missing comparison signals; missing image alt","iBOLT Dock’n Lock Drill Base Locking Tablet Stand; iBOLT Dock’n Lock Drill Base Locking Dual Tablet Stand; iBOLT™ Dock'n Lock Bizmount™ AMPS- Heavy Duty Industrial Composite Locking drill base Mount for all 7"" - 10"" tablets; iBOLT 25mm / 1 inch Composite AMPS Adapter Plate; iBOLT 25mm / 1 inch to Dual 17mm Metal Ball Adapter; +1 more","iBolt Dock’n Lock for restaurant counters","Make the page citation-ready with visible answer blocks, FAQPage schema, Article/BlogPosting schema, and source-friendly product details."
"57","iBOLT vs iOttie for Delivery Driving","https://iboltmounts.com/blogs/news/ibolt-vs-iottie-for-delivery-driving","delivery","1","0","42","84","0","iOttie; RAM Mounts","priority refresh","","missing quick answer; missing FAQ schema; missing image alt","iBOLT™ xProDock™ NFC BizMount™ Suction Cup; iBOLT Phone Dock'n Lock IncrediBOLT™ 360- Locking Phone Multi-Angle Drill Base Mount; iBOLT™ xProDock™ Bizmount™ Amps; iBOLT™ 20mm Metal Ball Suction Cup Base; iBOLT 20mm Metal Ball to Headrest Mounting Bracket; +1 more","iBolt vs iOttie for delivery driving","Make the page citation-ready with visible answer blocks, FAQPage schema, Article/BlogPosting schema, and source-friendly product details."
"42","iBOLT Phone Mounts for DoorDash and Uber Eats Drivers","https://iboltmounts.com/blogs/news/ibolt-phone-mounts-for-doordash-and-uber-eats-drivers","delivery","1","0","27","84","0","","priority refresh","","missing quick answer; missing FAQ schema; missing image alt","iBOLT™ xProDock™ NFC BizMount™ Suction Cup; iBOLT™ xProDock™ Bizmount™ Console- Phone Cup Holder Mount; iBOLT Phone Dock'n Lock 2"" IncrediBOLT™ AMPS Drill Base Mount; iBOLT™ 20mm Metal Ball Suction Cup Base; iBOLT™ 20mm to 4 Prong Composite Ball Adapter; +1 more","ibolt phone mounts for DoorDash and Uber Eats drivers","Make the page citation-ready with visible answer blocks, FAQPage schema, Article/BlogPosting schema, and source-friendly product details."
