priority,title,admin_url,public_url,blog,article_id,product_links,add_to_cart_links,image_count,note
1,Best Fish Finder Mount for Small Boats: Comparison and Buyer's Guide,https://admin.shopify.com/store/iboltmounts/content/blogs/110121517348/articles/634807255332,https://iboltmounts.com/blogs/how-to-mount-a-fish-finder-to-your-boat-using-ibolt-mounts/best-fish-finder-mount-for-small-boats-comparison-and-buyers-guide,how-to-mount-a-fish-finder-to-your-boat-using-ibolt-mounts,634807255332,16,11,0,High-value boating/fishing gap; review against live fish finder pages before publishing.
2,Choosing the Best Kayak Fish Finder Mount for Secure and Convenient Fishing,https://admin.shopify.com/store/iboltmounts/content/blogs/104843772196/articles/634078757156,https://iboltmounts.com/blogs/news/choosing-the-best-kayak-fish-finder-mount-for-secure-and-convenient-fishing,news,634078757156,16,9,9,High-value kayak/fish finder gap; probably merge with live kayak page.
3,AMPS Adapter Guide: Universal Mounting Solutions for Every Device,https://admin.shopify.com/store/iboltmounts/content/blogs/104843772196/articles/633692946724,https://iboltmounts.com/blogs/news/amps-adapter-guide-universal-mounting-solutions-for-every-device,news,633692946724,13,7,0,Directly useful for AMPS mounting plate/system prompts.
4,Build Your Own Modular Tablet Mount: Complete Guide to Customizable AMPS Systems,https://admin.shopify.com/store/iboltmounts/content/blogs/104843772196/articles/633693503780,https://iboltmounts.com/blogs/news/build-your-own-modular-tablet-mount-complete-guide-to-customizable-amps-systems,news,633693503780,21,13,0,Strong AMPS/modular source material; likely merge/canonicalize.
5,AMPS Drill Base Tablet Mounts: 3 Options from Entry-Level to Heavy-Duty,https://admin.shopify.com/store/iboltmounts/content/blogs/104843772196/articles/633972097316,https://iboltmounts.com/blogs/news/amps-drill-base-tablet-mounts-3-options-from-entry-level-to-heavy-duty,news,633972097316,3,3,3,Specific AMPS/drill-base commercial intent.
6,Why Modular Mounting Systems Beat One-Piece Mounts: The Case for iBOLT's 300+ Part Ecosystem,https://admin.shopify.com/store/iboltmounts/content/blogs/104843772196/articles/634807714084,https://iboltmounts.com/blogs/news/why-modular-mounting-systems-beat-one-piece-mounts-the-case-for-ibolts-300-part-ecosystem-1,news,634807714084,10,10,4,"Good modular positioning, but duplicate live version exists."
7,Best Restaurant Tablet Mounts and POS Stands (2026 Comparison),https://admin.shopify.com/store/iboltmounts/content/blogs/104843772196/articles/634807419172,https://iboltmounts.com/blogs/news/best-restaurant-tablet-mounts-and-pos-stands-2026-comparison-1,news,634807419172,18,16,4,Restaurant category gap; duplicate live equivalent exists.
8,Restaurant & POS Mounts,https://admin.shopify.com/store/iboltmounts/content/blogs/104843772196/articles/634807615780,https://iboltmounts.com/blogs/news/restaurant-pos-mounts,news,634807615780,9,9,4,Short solution-style page candidate; likely merge.
9,Best Restaurant Tablet Mount Solutions for Multi-App Delivery Management in 2024,https://admin.shopify.com/store/iboltmounts/content/blogs/104843772196/articles/633693372708,https://iboltmounts.com/blogs/news/best-restaurant-tablet-mount-solutions-for-multi-app-delivery-management-in-2024,news,633693372708,13,11,0,Important restaurant/multi-tablet concept but title needs 2026 rewrite.
10,Why Restaurants Need Dedicated Tablet Mounts,https://admin.shopify.com/store/iboltmounts/content/blogs/104843772196/articles/634807746852,https://iboltmounts.com/blogs/news/why-restaurants-need-dedicated-tablet-mounts,news,634807746852,14,6,4,Restaurant education page; likely merge with live restaurant hub.
11,Best Forklift Tablet Mounts for Warehouses (2026 Comparison),https://admin.shopify.com/store/iboltmounts/content/blogs/104843772196/articles/634807386404,https://iboltmounts.com/blogs/news/best-forklift-tablet-mounts-for-warehouses-2026-comparison-1,news,634807386404,15,13,4,Warehouse/forklift gap; duplicate live version exists.
12,Best Barcode Scanner Mounts for Forklifts and Warehouses (2026),https://admin.shopify.com/store/iboltmounts/content/blogs/104843772196/articles/634807353636,https://iboltmounts.com/blogs/news/best-barcode-scanner-mounts-for-forklifts-and-warehouses-2027,news,634807353636,18,16,4,Barcode scanner benchmark gap; duplicate live version exists.
13,Forklift & Warehouse Tablet Mounts,https://admin.shopify.com/store/iboltmounts/content/blogs/104843772196/articles/634807550244,https://iboltmounts.com/blogs/news/forklift-warehouse-tablet-mounts,news,634807550244,8,8,4,Solution-style warehouse page; use to strengthen live warehouse hub.
14,Tablet Mount for Forklift: Complete Guide to Forklift Mounted Tablet Solutions,https://admin.shopify.com/store/iboltmounts/content/blogs/104843772196/articles/633693241636,https://iboltmounts.com/blogs/news/tablet-mount-for-forklift-complete-guide-to-forklift-mounted-tablet-solutions,news,633693241636,9,5,0,Useful forklift exact-match draft; needs dedupe.
15,Camera Mount Solutions for Content Creators: From Clamps to Overhead Streaming Setups,https://admin.shopify.com/store/iboltmounts/content/blogs/104843772196/articles/633692815652,https://iboltmounts.com/blogs/news/camera-mount-solutions-for-content-creators-from-clamps-to-overhead-streaming-setups,news,633692815652,16,12,0,Streaming/camera gap page candidate.
16,GoPro Screw Mount Guide: Best 1/4-20 Adapters and Mounting Solutions for Action Cameras,https://admin.shopify.com/store/iboltmounts/content/blogs/104843772196/articles/633693143332,https://iboltmounts.com/blogs/news/gopro-screw-mount-guide-best-1-4-20-adapters-and-mounting-solutions-for-action-cameras,news,633693143332,9,9,0,Useful for 1/4-20/table camera/camera mount prompts.
17,GoPro Screw Mount Guide: Best ¼-20 Threading Options for Action Cameras,https://admin.shopify.com/store/iboltmounts/content/blogs/104843772196/articles/633693176100,https://iboltmounts.com/blogs/news/gopro-screw-mount-guide-best-20-threading-options-for-action-cameras,news,633693176100,11,11,0,Same topic; compare with other GoPro screw draft and keep one.
18,Best Handlebar Mount Phone Solutions for Cyclists: A Complete Guide to Secure Smartphone Mounting,https://admin.shopify.com/store/iboltmounts/content/blogs/104843772196/articles/633693012260,https://iboltmounts.com/blogs/news/best-handlebar-mount-phone-solutions-for-cyclists-a-complete-guide-to-secure-smartphone-mounting,news,633693012260,9,7,0,Potential cycling/offroad adjacency; lower priority but useful.