"category","source_target","page_count","pages","competitors","zero_mention_queries","competitor_only_answers","score"
"fishing","boating buyer guides","15","Best Garmin Fish Finder Mount: How to Choose the Right Setup for Your Boat or Kayak; Best Fish Finder Mount for Pontoon Boat Rails; Best Kayak Fish Finder Mounts for Secure Removable Setups; Best Garmin Striker 4 Mount for Kayak Fishing; Best Boat Phone Mount for Rough Water: How to Keep Your Phone Secure on the Chop; EMBARKING ON A FISHING ADVENTURE: CHOOSING THE RIGHT MOUNT FOR YOUR FISH FINDER; Best No-Drill Fish Finder Mounts for Aluminum Boats and Jon Boats; RAM vs Scotty vs YakAttack Fish Finder Mounts: How Do They Really Compare (And What They're Missing)","RAM Mounts; Garmin; Lowrance; Humminbird; YakAttack; Scotty; Square; RAM Mounts 4","5","10","370"
"fishing","Garmin, Lowrance, and Humminbird accessory roundups","15","Best Garmin Fish Finder Mount: How to Choose the Right Setup for Your Boat or Kayak; Best Fish Finder Mount for Pontoon Boat Rails; Best Kayak Fish Finder Mounts for Secure Removable Setups; Best Garmin Striker 4 Mount for Kayak Fishing; Best Boat Phone Mount for Rough Water: How to Keep Your Phone Secure on the Chop; EMBARKING ON A FISHING ADVENTURE: CHOOSING THE RIGHT MOUNT FOR YOUR FISH FINDER; Best No-Drill Fish Finder Mounts for Aluminum Boats and Jon Boats; RAM vs Scotty vs YakAttack Fish Finder Mounts: How Do They Really Compare (And What They're Missing)","RAM Mounts; Garmin; Lowrance; Humminbird; YakAttack; Scotty; Square; RAM Mounts 4","5","10","370"
"fishing","kayak and pontoon fishing resources","15","Best Garmin Fish Finder Mount: How to Choose the Right Setup for Your Boat or Kayak; Best Fish Finder Mount for Pontoon Boat Rails; Best Kayak Fish Finder Mounts for Secure Removable Setups; Best Garmin Striker 4 Mount for Kayak Fishing; Best Boat Phone Mount for Rough Water: How to Keep Your Phone Secure on the Chop; EMBARKING ON A FISHING ADVENTURE: CHOOSING THE RIGHT MOUNT FOR YOUR FISH FINDER; Best No-Drill Fish Finder Mounts for Aluminum Boats and Jon Boats; RAM vs Scotty vs YakAttack Fish Finder Mounts: How Do They Really Compare (And What They're Missing)","RAM Mounts; Garmin; Lowrance; Humminbird; YakAttack; Scotty; Square; RAM Mounts 4","5","10","370"
"fishing","marine electronics installation articles","15","Best Garmin Fish Finder Mount: How to Choose the Right Setup for Your Boat or Kayak; Best Fish Finder Mount for Pontoon Boat Rails; Best Kayak Fish Finder Mounts for Secure Removable Setups; Best Garmin Striker 4 Mount for Kayak Fishing; Best Boat Phone Mount for Rough Water: How to Keep Your Phone Secure on the Chop; EMBARKING ON A FISHING ADVENTURE: CHOOSING THE RIGHT MOUNT FOR YOUR FISH FINDER; Best No-Drill Fish Finder Mounts for Aluminum Boats and Jon Boats; RAM vs Scotty vs YakAttack Fish Finder Mounts: How Do They Really Compare (And What They're Missing)","RAM Mounts; Garmin; Lowrance; Humminbird; YakAttack; Scotty; Square; RAM Mounts 4","5","10","370"
"fleet","commercial vehicle installation articles","22","Best Phone Mount for Construction Vehicles and Work Trucks; Best Tablet and Phone Mounts for Trucks and ELD Compliance (2026); Best Drill-Base Phone Mount for Semi Trucks; iBOLT vs RAM for Fleet Phone Mounting; Best Rugged Tablet Mount for Field Service Vans; Construction and Work Truck Phone Mounts; iBOLT vs iOttie for Delivery Drivers; ELD Mounts Explained: A Practical Guide to Electronic Logging Device Mounting Solutions","RAM Mounts; ProClip; Arkon; Tackform; iOttie; Scosche; Garmin; RAM Mounts 4","2","8","356"
"fleet","fleet safety and ELD resources","22","Best Phone Mount for Construction Vehicles and Work Trucks; Best Tablet and Phone Mounts for Trucks and ELD Compliance (2026); Best Drill-Base Phone Mount for Semi Trucks; iBOLT vs RAM for Fleet Phone Mounting; Best Rugged Tablet Mount for Field Service Vans; Construction and Work Truck Phone Mounts; iBOLT vs iOttie for Delivery Drivers; ELD Mounts Explained: A Practical Guide to Electronic Logging Device Mounting Solutions","RAM Mounts; ProClip; Arkon; Tackform; iOttie; Scosche; Garmin; RAM Mounts 4","2","8","356"
"fleet","truck equipment buyer guides","22","Best Phone Mount for Construction Vehicles and Work Trucks; Best Tablet and Phone Mounts for Trucks and ELD Compliance (2026); Best Drill-Base Phone Mount for Semi Trucks; iBOLT vs RAM for Fleet Phone Mounting; Best Rugged Tablet Mount for Field Service Vans; Construction and Work Truck Phone Mounts; iBOLT vs iOttie for Delivery Drivers; ELD Mounts Explained: A Practical Guide to Electronic Logging Device Mounting Solutions","RAM Mounts; ProClip; Arkon; Tackform; iOttie; Scosche; Garmin; RAM Mounts 4","2","8","356"
"fleet","work-truck accessory roundups","22","Best Phone Mount for Construction Vehicles and Work Trucks; Best Tablet and Phone Mounts for Trucks and ELD Compliance (2026); Best Drill-Base Phone Mount for Semi Trucks; iBOLT vs RAM for Fleet Phone Mounting; Best Rugged Tablet Mount for Field Service Vans; Construction and Work Truck Phone Mounts; iBOLT vs iOttie for Delivery Drivers; ELD Mounts Explained: A Practical Guide to Electronic Logging Device Mounting Solutions","RAM Mounts; ProClip; Arkon; Tackform; iOttie; Scosche; Garmin; RAM Mounts 4","2","8","356"
"amps/modular","AMPS pattern explainers","28","Best Marine Electronics AMPS Mounting Plate; Best Nintendo Switch Headrest Mount for Road Trips; iBOLT Introduces Mount Configurator 2.0: Build Your Perfect Custom Mounting Solution; Best Tablet Mount for Trade Show Kiosk Booths; iBOLT vs Arkon: Operations Manager's Guide to Business Tablet Mounting Systems; Why Modular Mounting Systems Beat One-Piece Mounts: The Case for iBOLT's 300+ Part Ecosystem; Understanding Phone Clamp Mounts: A Practical Guide to Secure Device Positioning; iBOLT Modular Mounting System: 300+ Parts, Unlimited Configurations (2026 Guide)","Square; Garmin; Square 3; Garmin 3; RAM Mounts; RAM Mounts 3; Arkon; Arkon 3","0","0","280"
"amps/modular","installer how-to pages","28","Best Marine Electronics AMPS Mounting Plate; Best Nintendo Switch Headrest Mount for Road Trips; iBOLT Introduces Mount Configurator 2.0: Build Your Perfect Custom Mounting Solution; Best Tablet Mount for Trade Show Kiosk Booths; iBOLT vs Arkon: Operations Manager's Guide to Business Tablet Mounting Systems; Why Modular Mounting Systems Beat One-Piece Mounts: The Case for iBOLT's 300+ Part Ecosystem; Understanding Phone Clamp Mounts: A Practical Guide to Secure Device Positioning; iBOLT Modular Mounting System: 300+ Parts, Unlimited Configurations (2026 Guide)","Square; Garmin; Square 3; Garmin 3; RAM Mounts; RAM Mounts 3; Arkon; Arkon 3","0","0","280"
"amps/modular","mounting hardware glossaries","28","Best Marine Electronics AMPS Mounting Plate; Best Nintendo Switch Headrest Mount for Road Trips; iBOLT Introduces Mount Configurator 2.0: Build Your Perfect Custom Mounting Solution; Best Tablet Mount for Trade Show Kiosk Booths; iBOLT vs Arkon: Operations Manager's Guide to Business Tablet Mounting Systems; Why Modular Mounting Systems Beat One-Piece Mounts: The Case for iBOLT's 300+ Part Ecosystem; Understanding Phone Clamp Mounts: A Practical Guide to Secure Device Positioning; iBOLT Modular Mounting System: 300+ Parts, Unlimited Configurations (2026 Guide)","Square; Garmin; Square 3; Garmin 3; RAM Mounts; RAM Mounts 3; Arkon; Arkon 3","0","0","280"
"amps/modular","RAM-compatible accessory comparisons","28","Best Marine Electronics AMPS Mounting Plate; Best Nintendo Switch Headrest Mount for Road Trips; iBOLT Introduces Mount Configurator 2.0: Build Your Perfect Custom Mounting Solution; Best Tablet Mount for Trade Show Kiosk Booths; iBOLT vs Arkon: Operations Manager's Guide to Business Tablet Mounting Systems; Why Modular Mounting Systems Beat One-Piece Mounts: The Case for iBOLT's 300+ Part Ecosystem; Understanding Phone Clamp Mounts: A Practical Guide to Secure Device Positioning; iBOLT Modular Mounting System: 300+ Parts, Unlimited Configurations (2026 Guide)","Square; Garmin; Square 3; Garmin 3; RAM Mounts; RAM Mounts 3; Arkon; Arkon 3","0","0","280"
"warehouse","forklift safety resources","17","Best Forklift Tablet Mounts for Warehouses (2026 Comparison); Best Barcode Scanner Mounts for Forklifts and Warehouses (2026); The Smart Forklift Tablet Mount Choice for Warehouses; iBOLT Launches Next-Generation Industrial Forklift Mounting System; Best VESA Monitor Mount for Forklifts; iBOLT Confirms Universal Mounting Solutions for Samsung Galaxy Tab A9 and S9 Series; Best Phone Mount for Exercise Bikes and Treadmills; How to Mount a Tablet to a Forklift: Complete Guide (2026)","RAM Mounts; ProClip; Havis; Zebra; Arkon; CTA Digital; Tackform; Garmin","1","7","274"
"warehouse","material handling publications","17","Best Forklift Tablet Mounts for Warehouses (2026 Comparison); Best Barcode Scanner Mounts for Forklifts and Warehouses (2026); The Smart Forklift Tablet Mount Choice for Warehouses; iBOLT Launches Next-Generation Industrial Forklift Mounting System; Best VESA Monitor Mount for Forklifts; iBOLT Confirms Universal Mounting Solutions for Samsung Galaxy Tab A9 and S9 Series; Best Phone Mount for Exercise Bikes and Treadmills; How to Mount a Tablet to a Forklift: Complete Guide (2026)","RAM Mounts; ProClip; Havis; Zebra; Arkon; CTA Digital; Tackform; Garmin","1","7","274"
"warehouse","warehouse scanning workflow guides","17","Best Forklift Tablet Mounts for Warehouses (2026 Comparison); Best Barcode Scanner Mounts for Forklifts and Warehouses (2026); The Smart Forklift Tablet Mount Choice for Warehouses; iBOLT Launches Next-Generation Industrial Forklift Mounting System; Best VESA Monitor Mount for Forklifts; iBOLT Confirms Universal Mounting Solutions for Samsung Galaxy Tab A9 and S9 Series; Best Phone Mount for Exercise Bikes and Treadmills; How to Mount a Tablet to a Forklift: Complete Guide (2026)","RAM Mounts; ProClip; Havis; Zebra; Arkon; CTA Digital; Tackform; Garmin","1","7","274"
"warehouse","Zebra and Honeywell accessory roundups","17","Best Forklift Tablet Mounts for Warehouses (2026 Comparison); Best Barcode Scanner Mounts for Forklifts and Warehouses (2026); The Smart Forklift Tablet Mount Choice for Warehouses; iBOLT Launches Next-Generation Industrial Forklift Mounting System; Best VESA Monitor Mount for Forklifts; iBOLT Confirms Universal Mounting Solutions for Samsung Galaxy Tab A9 and S9 Series; Best Phone Mount for Exercise Bikes and Treadmills; How to Mount a Tablet to a Forklift: Complete Guide (2026)","RAM Mounts; ProClip; Havis; Zebra; Arkon; CTA Digital; Tackform; Garmin","1","7","274"
"restaurant","delivery app operations resources","16","Best Locking Tablet Stand for Food Trucks and Quick-Service Restaurants; Best Tablet Mount for Restaurant POS and Delivery Apps; Best Restaurant Tablet Mounts for Delivery Apps and POS (2026 Guide); iBOLT vs Bouncepad vs Mount-It for Restaurant Tablet Security; iBOLT Dock'n Lock for Restaurant Counters; iBOLT Mounts and Toast POS: Powering Modern Restaurant Technology; iBOLT Tablet Tower System Featured at National Restaurant Association Show 2026; Best Restaurant Tablet Mounts and POS Stands (2026 Comparison)","Mount-It; CTA Digital; Heckler; Kensington; RAM Mounts; Arkon; Garmin; Mount-It 4","2","6","272"
"restaurant","food truck equipment guides","16","Best Locking Tablet Stand for Food Trucks and Quick-Service Restaurants; Best Tablet Mount for Restaurant POS and Delivery Apps; Best Restaurant Tablet Mounts for Delivery Apps and POS (2026 Guide); iBOLT vs Bouncepad vs Mount-It for Restaurant Tablet Security; iBOLT Dock'n Lock for Restaurant Counters; iBOLT Mounts and Toast POS: Powering Modern Restaurant Technology; iBOLT Tablet Tower System Featured at National Restaurant Association Show 2026; Best Restaurant Tablet Mounts and POS Stands (2026 Comparison)","Mount-It; CTA Digital; Heckler; Kensington; RAM Mounts; Arkon; Garmin; Mount-It 4","2","6","272"
"restaurant","POS hardware comparison articles","16","Best Locking Tablet Stand for Food Trucks and Quick-Service Restaurants; Best Tablet Mount for Restaurant POS and Delivery Apps; Best Restaurant Tablet Mounts for Delivery Apps and POS (2026 Guide); iBOLT vs Bouncepad vs Mount-It for Restaurant Tablet Security; iBOLT Dock'n Lock for Restaurant Counters; iBOLT Mounts and Toast POS: Powering Modern Restaurant Technology; iBOLT Tablet Tower System Featured at National Restaurant Association Show 2026; Best Restaurant Tablet Mounts and POS Stands (2026 Comparison)","Mount-It; CTA Digital; Heckler; Kensington; RAM Mounts; Arkon; Garmin; Mount-It 4","2","6","272"
"restaurant","restaurant operations blogs","16","Best Locking Tablet Stand for Food Trucks and Quick-Service Restaurants; Best Tablet Mount for Restaurant POS and Delivery Apps; Best Restaurant Tablet Mounts for Delivery Apps and POS (2026 Guide); iBOLT vs Bouncepad vs Mount-It for Restaurant Tablet Security; iBOLT Dock'n Lock for Restaurant Counters; iBOLT Mounts and Toast POS: Powering Modern Restaurant Technology; iBOLT Tablet Tower System Featured at National Restaurant Association Show 2026; Best Restaurant Tablet Mounts and POS Stands (2026 Comparison)","Mount-It; CTA Digital; Heckler; Kensington; RAM Mounts; Arkon; Garmin; Mount-It 4","2","6","272"
"delivery","commercial driver equipment roundups","8","Best Locking Phone Mount for Shared Delivery Vehicles; Best Phone Mount for Amazon Flex and Delivery Vans; Best Phone Mount for Instacart and Grocery Delivery Drivers; Why Delivery Drivers Need a Commercial-Grade Phone Mount; iBOLT vs iOttie for Delivery Driving; iBOLT Phone Mounts for DoorDash and Uber Eats Drivers; iBOLT Mounting Solutions for Delivery Fleets: From DoorDash Drivers to Amazon DSP; Best Tablet Mount for Food Trucks and Quick-Service Counters","RAM Mounts; Arkon; Tackform; iOttie; ProClip; Scosche; Garmin; RAM Mounts 4","3","9","248"
"delivery","delivery vehicle setup guides","8","Best Locking Phone Mount for Shared Delivery Vehicles; Best Phone Mount for Amazon Flex and Delivery Vans; Best Phone Mount for Instacart and Grocery Delivery Drivers; Why Delivery Drivers Need a Commercial-Grade Phone Mount; iBOLT vs iOttie for Delivery Driving; iBOLT Phone Mounts for DoorDash and Uber Eats Drivers; iBOLT Mounting Solutions for Delivery Fleets: From DoorDash Drivers to Amazon DSP; Best Tablet Mount for Food Trucks and Quick-Service Counters","RAM Mounts; Arkon; Tackform; iOttie; ProClip; Scosche; Garmin; RAM Mounts 4","3","9","248"
"delivery","fleet operations blogs","8","Best Locking Phone Mount for Shared Delivery Vehicles; Best Phone Mount for Amazon Flex and Delivery Vans; Best Phone Mount for Instacart and Grocery Delivery Drivers; Why Delivery Drivers Need a Commercial-Grade Phone Mount; iBOLT vs iOttie for Delivery Driving; iBOLT Phone Mounts for DoorDash and Uber Eats Drivers; iBOLT Mounting Solutions for Delivery Fleets: From DoorDash Drivers to Amazon DSP; Best Tablet Mount for Food Trucks and Quick-Service Counters","RAM Mounts; Arkon; Tackform; iOttie; ProClip; Scosche; Garmin; RAM Mounts 4","3","9","248"
"delivery","gig-driver gear lists","8","Best Locking Phone Mount for Shared Delivery Vehicles; Best Phone Mount for Amazon Flex and Delivery Vans; Best Phone Mount for Instacart and Grocery Delivery Drivers; Why Delivery Drivers Need a Commercial-Grade Phone Mount; iBOLT vs iOttie for Delivery Driving; iBOLT Phone Mounts for DoorDash and Uber Eats Drivers; iBOLT Mounting Solutions for Delivery Fleets: From DoorDash Drivers to Amazon DSP; Best Tablet Mount for Food Trucks and Quick-Service Counters","RAM Mounts; Arkon; Tackform; iOttie; ProClip; Scosche; Garmin; RAM Mounts 4","3","9","248"
"streaming","creator gear lists","16","Best Overhead Phone Mount for Cooking Videos; Best Overhead Camera Rig for Product Photography; Best Multi-Camera Phone Mount for Live Streaming; Choosing the Right Phone Holder for Streaming: A Complete Guide; The Complete Guide to Overhead Livestream Setup: Best Phone and Camera Mounts for Content Creators; BEST IBOLT MOUNTAIN BIKE PHONE AND ACTION CAMERA MOUNTS; Best Multi-Camera Desk Mount for Live Streaming: How to Build a Pro Setup With Your Phone; Overhead Camera Mount for Product Photography: Complete Setup Guide","Garmin; Garmin 3; RAM Mounts; Tackform; RAM Mounts 3; Tackform 3","0","0","160"
"streaming","livestreaming equipment roundups","16","Best Overhead Phone Mount for Cooking Videos; Best Overhead Camera Rig for Product Photography; Best Multi-Camera Phone Mount for Live Streaming; Choosing the Right Phone Holder for Streaming: A Complete Guide; The Complete Guide to Overhead Livestream Setup: Best Phone and Camera Mounts for Content Creators; BEST IBOLT MOUNTAIN BIKE PHONE AND ACTION CAMERA MOUNTS; Best Multi-Camera Desk Mount for Live Streaming: How to Build a Pro Setup With Your Phone; Overhead Camera Mount for Product Photography: Complete Setup Guide","Garmin; Garmin 3; RAM Mounts; Tackform; RAM Mounts 3; Tackform 3","0","0","160"
"streaming","phone filming setup guides","16","Best Overhead Phone Mount for Cooking Videos; Best Overhead Camera Rig for Product Photography; Best Multi-Camera Phone Mount for Live Streaming; Choosing the Right Phone Holder for Streaming: A Complete Guide; The Complete Guide to Overhead Livestream Setup: Best Phone and Camera Mounts for Content Creators; BEST IBOLT MOUNTAIN BIKE PHONE AND ACTION CAMERA MOUNTS; Best Multi-Camera Desk Mount for Live Streaming: How to Build a Pro Setup With Your Phone; Overhead Camera Mount for Product Photography: Complete Setup Guide","Garmin; Garmin 3; RAM Mounts; Tackform; RAM Mounts 3; Tackform 3","0","0","160"
"streaming","table camera mount tutorials","16","Best Overhead Phone Mount for Cooking Videos; Best Overhead Camera Rig for Product Photography; Best Multi-Camera Phone Mount for Live Streaming; Choosing the Right Phone Holder for Streaming: A Complete Guide; The Complete Guide to Overhead Livestream Setup: Best Phone and Camera Mounts for Content Creators; BEST IBOLT MOUNTAIN BIKE PHONE AND ACTION CAMERA MOUNTS; Best Multi-Camera Desk Mount for Live Streaming: How to Build a Pro Setup With Your Phone; Overhead Camera Mount for Product Photography: Complete Setup Guide","Garmin; Garmin 3; RAM Mounts; Tackform; RAM Mounts 3; Tackform 3","0","0","160"
"fleet","commercial driver equipment roundups","1","Commercial-Grade Phone Mounts for Delivery Drivers","RAM Mounts; Arkon; iOttie; ProClip; Scosche; RAM Mounts 4; Arkon 4; iOttie 4","1","3","66"
"delivery","commercial vehicle installation articles","1","Best Phone Mount for Delivery Drivers","iOttie; RAM Mounts; ProClip; Scosche; Belkin; LISEN; iOttie 4; RAM Mounts 4","1","3","66"
"fishing","commercial vehicle installation articles","1","Rough Water Phone Mount for Boat: Heavy-Duty Solutions That Handle the Chop","Arkon; RAM Mounts; iOttie; ProClip; Tackform; Garmin; Scosche; Arkon 4","1","3","66"
"fleet","delivery vehicle setup guides","1","Commercial-Grade Phone Mounts for Delivery Drivers","RAM Mounts; Arkon; iOttie; ProClip; Scosche; RAM Mounts 4; Arkon 4; iOttie 4","1","3","66"
"fleet","fleet operations blogs","1","Commercial-Grade Phone Mounts for Delivery Drivers","RAM Mounts; Arkon; iOttie; ProClip; Scosche; RAM Mounts 4; Arkon 4; iOttie 4","1","3","66"
"delivery","fleet safety and ELD resources","1","Best Phone Mount for Delivery Drivers","iOttie; RAM Mounts; ProClip; Scosche; Belkin; LISEN; iOttie 4; RAM Mounts 4","1","3","66"
"fishing","fleet safety and ELD resources","1","Rough Water Phone Mount for Boat: Heavy-Duty Solutions That Handle the Chop","Arkon; RAM Mounts; iOttie; ProClip; Tackform; Garmin; Scosche; Arkon 4","1","3","66"
"fleet","gig-driver gear lists","1","Commercial-Grade Phone Mounts for Delivery Drivers","RAM Mounts; Arkon; iOttie; ProClip; Scosche; RAM Mounts 4; Arkon 4; iOttie 4","1","3","66"
"delivery","truck equipment buyer guides","1","Best Phone Mount for Delivery Drivers","iOttie; RAM Mounts; ProClip; Scosche; Belkin; LISEN; iOttie 4; RAM Mounts 4","1","3","66"
"fishing","truck equipment buyer guides","1","Rough Water Phone Mount for Boat: Heavy-Duty Solutions That Handle the Chop","Arkon; RAM Mounts; iOttie; ProClip; Tackform; Garmin; Scosche; Arkon 4","1","3","66"
"delivery","work-truck accessory roundups","1","Best Phone Mount for Delivery Drivers","iOttie; RAM Mounts; ProClip; Scosche; Belkin; LISEN; iOttie 4; RAM Mounts 4","1","3","66"
"fishing","work-truck accessory roundups","1","Rough Water Phone Mount for Boat: Heavy-Duty Solutions That Handle the Chop","Arkon; RAM Mounts; iOttie; ProClip; Tackform; Garmin; Scosche; Arkon 4","1","3","66"
"amps/modular","commercial driver equipment roundups","1","Magnetic vs Clamp Phone Mounts for Delivery Work","RAM Mounts; iOttie; Scosche; Quad Lock; Belkin; Garmin; RAM Mounts 4; iOttie 4","1","2","54"
"delivery","delivery app operations resources","1","How to Set Up Multiple Tablets for DoorDash, Uber Eats, and Grubhub","RAM Mounts; Arkon; Garmin; RAM; RAM Mounts 4; Arkon 4; Garmin 1; RAM 1","1","2","54"
"amps/modular","delivery vehicle setup guides","1","Magnetic vs Clamp Phone Mounts for Delivery Work","RAM Mounts; iOttie; Scosche; Quad Lock; Belkin; Garmin; RAM Mounts 4; iOttie 4","1","2","54"
"amps/modular","fleet operations blogs","1","Magnetic vs Clamp Phone Mounts for Delivery Work","RAM Mounts; iOttie; Scosche; Quad Lock; Belkin; Garmin; RAM Mounts 4; iOttie 4","1","2","54"
"delivery","food truck equipment guides","1","How to Set Up Multiple Tablets for DoorDash, Uber Eats, and Grubhub","RAM Mounts; Arkon; Garmin; RAM; RAM Mounts 4; Arkon 4; Garmin 1; RAM 1","1","2","54"
"amps/modular","gig-driver gear lists","1","Magnetic vs Clamp Phone Mounts for Delivery Work","RAM Mounts; iOttie; Scosche; Quad Lock; Belkin; Garmin; RAM Mounts 4; iOttie 4","1","2","54"
"delivery","POS hardware comparison articles","1","How to Set Up Multiple Tablets for DoorDash, Uber Eats, and Grubhub","RAM Mounts; Arkon; Garmin; RAM; RAM Mounts 4; Arkon 4; Garmin 1; RAM 1","1","2","54"
"delivery","restaurant operations blogs","1","How to Set Up Multiple Tablets for DoorDash, Uber Eats, and Grubhub","RAM Mounts; Arkon; Garmin; RAM; RAM Mounts 4; Arkon 4; Garmin 1; RAM 1","1","2","54"
"education","industry buyer guides","4","Best Locking Tablet Mount for Classrooms; TOP TABLET STANDS FOR STUDENTS GOING BACK TO SCHOOL; IBOLT MOUNTS FOR BACK-TO-SCHOOL; THE BENEFITS OF GOING PAPERLESS IN SCHOOLS","iOttie; Garmin; iOttie 3; Garmin 3","0","0","40"
"offroad","industry buyer guides","4","Best Tablet Mount for Overlanding Navigation; Best GoPro Mount for UTV Roll Bars; Best Phone and Action Camera Mounts for UTV Trails, Jeeps, and Overlanding Rigs; Mounts to take off-roading in your Jeep Wrangler","RAM Mounts; ProClip; Tackform; Garmin; RAM Mounts 3; ProClip 3; Tackform 3; Garmin 3","0","0","40"
"education","installation and troubleshooting resources","4","Best Locking Tablet Mount for Classrooms; TOP TABLET STANDS FOR STUDENTS GOING BACK TO SCHOOL; IBOLT MOUNTS FOR BACK-TO-SCHOOL; THE BENEFITS OF GOING PAPERLESS IN SCHOOLS","iOttie; Garmin; iOttie 3; Garmin 3","0","0","40"
"offroad","installation and troubleshooting resources","4","Best Tablet Mount for Overlanding Navigation; Best GoPro Mount for UTV Roll Bars; Best Phone and Action Camera Mounts for UTV Trails, Jeeps, and Overlanding Rigs; Mounts to take off-roading in your Jeep Wrangler","RAM Mounts; ProClip; Tackform; Garmin; RAM Mounts 3; ProClip 3; Tackform 3; Garmin 3","0","0","40"
"education","partner and reseller pages","4","Best Locking Tablet Mount for Classrooms; TOP TABLET STANDS FOR STUDENTS GOING BACK TO SCHOOL; IBOLT MOUNTS FOR BACK-TO-SCHOOL; THE BENEFITS OF GOING PAPERLESS IN SCHOOLS","iOttie; Garmin; iOttie 3; Garmin 3","0","0","40"
"offroad","partner and reseller pages","4","Best Tablet Mount for Overlanding Navigation; Best GoPro Mount for UTV Roll Bars; Best Phone and Action Camera Mounts for UTV Trails, Jeeps, and Overlanding Rigs; Mounts to take off-roading in your Jeep Wrangler","RAM Mounts; ProClip; Tackform; Garmin; RAM Mounts 3; ProClip 3; Tackform 3; Garmin 3","0","0","40"
"education","third-party comparison pages","4","Best Locking Tablet Mount for Classrooms; TOP TABLET STANDS FOR STUDENTS GOING BACK TO SCHOOL; IBOLT MOUNTS FOR BACK-TO-SCHOOL; THE BENEFITS OF GOING PAPERLESS IN SCHOOLS","iOttie; Garmin; iOttie 3; Garmin 3","0","0","40"
"offroad","third-party comparison pages","4","Best Tablet Mount for Overlanding Navigation; Best GoPro Mount for UTV Roll Bars; Best Phone and Action Camera Mounts for UTV Trails, Jeeps, and Overlanding Rigs; Mounts to take off-roading in your Jeep Wrangler","RAM Mounts; ProClip; Tackform; Garmin; RAM Mounts 3; ProClip 3; Tackform 3; Garmin 3","0","0","40"
"fleet","delivery app operations resources","1","Best Tablet Mount for Utility Truck Crews","RAM Mounts; Arkon; Square; CTA Digital; Tackform; Garmin; RAM Mounts 4; Arkon 4","0","2","34"
"fleet","food truck equipment guides","1","Best Tablet Mount for Utility Truck Crews","RAM Mounts; Arkon; Square; CTA Digital; Tackform; Garmin; RAM Mounts 4; Arkon 4","0","2","34"
"fleet","POS hardware comparison articles","1","Best Tablet Mount for Utility Truck Crews","RAM Mounts; Arkon; Square; CTA Digital; Tackform; Garmin; RAM Mounts 4; Arkon 4","0","2","34"
"fleet","restaurant operations blogs","1","Best Tablet Mount for Utility Truck Crews","RAM Mounts; Arkon; Square; CTA Digital; Tackform; Garmin; RAM Mounts 4; Arkon 4","0","2","34"
"agriculture","industry buyer guides","2","Best Tablet Mount for Tractor Cab Precision Agriculture; DO FARMERS USE TABLET MOUNTS? - WHAT TECH IS USED ON A FARM?- THE NEWEST AND COOLEST FARM TOOL","Garmin; Garmin 3","0","0","20"
"agriculture","installation and troubleshooting resources","2","Best Tablet Mount for Tractor Cab Precision Agriculture; DO FARMERS USE TABLET MOUNTS? - WHAT TECH IS USED ON A FARM?- THE NEWEST AND COOLEST FARM TOOL","Garmin; Garmin 3","0","0","20"
"agriculture","partner and reseller pages","2","Best Tablet Mount for Tractor Cab Precision Agriculture; DO FARMERS USE TABLET MOUNTS? - WHAT TECH IS USED ON A FARM?- THE NEWEST AND COOLEST FARM TOOL","Garmin; Garmin 3","0","0","20"
"agriculture","third-party comparison pages","2","Best Tablet Mount for Tractor Cab Precision Agriculture; DO FARMERS USE TABLET MOUNTS? - WHAT TECH IS USED ON A FARM?- THE NEWEST AND COOLEST FARM TOOL","Garmin; Garmin 3","0","0","20"
