"priority","page_title","page_url","category","prompt_count","avg_prompt_score","page_score","competitors","structural_issues","mapped_prompts","concrete_edit"
"107","Rough Water Phone Mount for Boat: Heavy-Duty Solutions That Handle the Chop","https://iboltmounts.com/blogs/how-to-mount-a-fish-finder-to-your-boat-using-ibolt-mounts/rough-water-phone-mount-for-boat-heavy-duty-solutions-that-handle-the-chop","fleet","1","7","76","Arkon; RAM Mounts; iOttie; ProClip; Tackform","quick answer; comparison block; image alt text","best heavy duty vehicle phone mount","open with a 2 to 4 sentence answer block; add direct comparison/tradeoff section; fix product image alt text; name and differentiate from Arkon, RAM Mounts, iOttie, ProClip"
"104","Best Restaurant Tablet Mount in 2026: POS Stands, Delivery App Stations, and Multi-Tablet Solutions Compared","https://iboltmounts.com/blogs/news/best-restaurant-tablet-mount-in-2026-pos-stands-delivery-app-stations-and-multi-tablet-solutions-compared","tablet","3","3","84","RAM Mounts; Arkon; CTA Digital; iOttie; Tackform; Mount-It; Bouncepad","quick answer; image alt text","best tablet mount; best multi tablet mount; best restaurant tablet mount","open with a 2 to 4 sentence answer block; fix product image alt text; name and differentiate from RAM Mounts, Arkon, CTA Digital, iOttie"
"100","Best Phone Mount for Instacart and Grocery Delivery Drivers","https://iboltmounts.com/blogs/news/best-phone-mount-for-instacart-and-grocery-delivery-drivers","delivery","1","0","76","iOttie; RAM Mounts; Peak Design","FAQ schema; quick answer; comparison block; image alt text","best phone mount for Instacart and grocery delivery drivers","open with a 2 to 4 sentence answer block; add FAQ section plus JSON-LD FAQPage schema; add direct comparison/tradeoff section; fix product image alt text; name and differentiate from iOttie, RAM Mounts, Peak Design"
"99","Best Phone Mount for Construction Vehicles and Work Trucks","https://iboltmounts.com/blogs/news/best-phone-mount-for-construction-vehicles-and-work-trucks","fleet","1","3","76","RAM Mounts; Arkon; iOttie; ProClip; Tackform","FAQ schema; quick answer; comparison block; image alt text","best phone mount for construction vehicles and work trucks","open with a 2 to 4 sentence answer block; add FAQ section plus JSON-LD FAQPage schema; add direct comparison/tradeoff section; fix product image alt text; name and differentiate from RAM Mounts, Arkon, iOttie, ProClip"
"97","Best Phone Mount for Amazon Flex and Delivery Vans","https://iboltmounts.com/blogs/news/best-phone-mount-for-amazon-flex-and-delivery-vans","delivery","1","7","84","RAM Mounts; iOttie; Arkon; ProClip","FAQ schema; quick answer; image alt text","best phone mount for Amazon Flex and delivery vans","open with a 2 to 4 sentence answer block; add FAQ section plus JSON-LD FAQPage schema; fix product image alt text; name and differentiate from RAM Mounts, iOttie, Arkon, ProClip"
"97","Best Tablet Mount for Restaurant POS and Delivery Apps","https://iboltmounts.com/blogs/news/best-tablet-mount-for-restaurant-pos-and-delivery-apps","restaurant","1","7","76","CTA Digital; Heckler; Arkon; Mount-It; RAM Mounts; Square","FAQ schema; quick answer; comparison block; image alt text","best tablet mount for restaurant POS and delivery apps","open with a 2 to 4 sentence answer block; add FAQ section plus JSON-LD FAQPage schema; add direct comparison/tradeoff section; fix product image alt text; name and differentiate from CTA Digital, Heckler, Arkon, Mount-It"
"94","Best Garmin Fish Finder Mount: How to Choose the Right Setup for Your Boat or Kayak","https://iboltmounts.com/blogs/how-to-mount-a-fish-finder-to-your-boat-using-ibolt-mounts/best-garmin-fish-finder-mount-how-to-choose-the-right-setup-for-your-boat-or-kayak","fishing","3","1","84","RAM Mounts","quick answer; image alt text","best fish finder; best fish finder in water; best budget fish finder mount","open with a 2 to 4 sentence answer block; fix product image alt text; name and differentiate from RAM Mounts"
"91","Best Phone Mount for Delivery Drivers","https://iboltmounts.com/blogs/news/best-phone-mount-delivery-drivers-aeo-refresh","fleet","1","0","83","iOttie; RAM Mounts; ProClip","Article/BlogPosting schema","best phone mount for delivery drivers","name and differentiate from iOttie, RAM Mounts, ProClip"
"91","Commercial-Grade Phone Mounts for Delivery Drivers","https://iboltmounts.com/blogs/news/commercial-grade-phone-mounts-delivery-drivers-aeo-refresh","delivery","1","0","83","RAM Mounts; Arkon; ProClip; iOttie","Article/BlogPosting schema","commercial grade phone mount for delivery drivers","name and differentiate from RAM Mounts, Arkon, ProClip, iOttie"
"90","Best Fish Finder Mount for Small Boats: Comparison and Buyer's Guide","https://iboltmounts.com/blogs/news/best-fish-finder-mount-for-pontoon-boat-rails","fishing","1","0","84","RAM Mounts","FAQ schema; quick answer; image alt text","best fish finder mount for small boat","open with a 2 to 4 sentence answer block; add FAQ section plus JSON-LD FAQPage schema; fix product image alt text; name and differentiate from RAM Mounts"
"90","Choosing the Best Kayak Fish Finder Mount for Secure and Convenient Fishing","https://iboltmounts.com/blogs/how-to-mount-a-fish-finder-to-your-boat-using-ibolt-mounts/best-kayak-fish-finder-mounts-secure-removable-aeo-refresh","fishing","1","3","83","RAM Mounts","Article/BlogPosting schema","best kayak fish finder mount","name and differentiate from RAM Mounts"
"89","How to Set Up Multiple Tablets for DoorDash, Uber Eats, and Grubhub","https://iboltmounts.com/blogs/news/how-to-set-up-multiple-tablets-for-doordash-uber-eats-and-grubhub","restaurant","1","3","76","RAM Mounts; Arkon","FAQ schema; quick answer; comparison block; image alt text","set up multiple tablets for DoorDash Uber Eats and Grubhub","open with a 2 to 4 sentence answer block; add FAQ section plus JSON-LD FAQPage schema; add direct comparison/tradeoff section; fix product image alt text; name and differentiate from RAM Mounts, Arkon"
"87","Barcode Scanner Mounts","https://iboltmounts.com/blogs/news/best-barcode-scanner-mounts-for-forklifts-and-warehouses-2026","warehouse","1","7","84","Havis; RAM Mounts; Zebra; Arkon; ProClip; Square","FAQ schema; quick answer; image alt text","best barcode scanner mount for forklift","open with a 2 to 4 sentence answer block; add FAQ section plus JSON-LD FAQPage schema; fix product image alt text; name and differentiate from Havis, RAM Mounts, Zebra, Arkon"
"85","Best Locking Phone Mount for Shared Delivery Vehicles","https://iboltmounts.com/blogs/news/best-locking-phone-mount-for-shared-delivery-vehicles","delivery","1","3","94","Arkon; RAM Mounts; iOttie; ProClip; Tackform","FAQ schema; image alt text","best locking phone mount for shared delivery vehicles","add FAQ section plus JSON-LD FAQPage schema; fix product image alt text; name and differentiate from Arkon, RAM Mounts, iOttie, ProClip"
"85","Best Tablet and Phone Mounts for Trucks and ELD Compliance (2026)","https://iboltmounts.com/blogs/news/best-tablet-and-phone-mounts-for-trucks-and-eld-compliance-2026","fleet","1","3","94","Arkon; RAM Mounts; ProClip","FAQ schema; image alt text","best ELD mount for trucks","add FAQ section plus JSON-LD FAQPage schema; fix product image alt text; name and differentiate from Arkon, RAM Mounts, ProClip"
"85","Magnetic vs Clamp Phone Mounts for Delivery Work","https://iboltmounts.com/blogs/news/magnetic-vs-clamp-phone-mounts-for-delivery-work","delivery","1","0","84","iOttie; RAM Mounts","FAQ schema; quick answer; image alt text","magnetic vs clamp phone mounts for delivery work","open with a 2 to 4 sentence answer block; add FAQ section plus JSON-LD FAQPage schema; fix product image alt text; name and differentiate from iOttie, RAM Mounts"
"81","Best Tablet Mount for Utility Truck Crews","https://iboltmounts.com/blogs/news/best-tablet-mount-for-utility-truck-crews","restaurant","1","15","76","Arkon; RAM Mounts; CTA Digital; Square; Tackform","FAQ schema; quick answer; comparison block; image alt text","best tablet mount for food truck","open with a 2 to 4 sentence answer block; add FAQ section plus JSON-LD FAQPage schema; add direct comparison/tradeoff section; fix product image alt text; name and differentiate from Arkon, RAM Mounts, CTA Digital, Square"
"79","Best Locking Tablet Stand for Food Trucks and Quick-Service Restaurants","https://iboltmounts.com/blogs/news/best-locking-tablet-stand-for-food-trucks-and-quick-service-restaurants","restaurant","1","3","84","CTA Digital; Heckler; Kensington; Mount-It; RAM Mounts","FAQ schema; quick answer; image alt text","best locking tablet stand for food trucks and quick service restaurants","open with a 2 to 4 sentence answer block; add FAQ section plus JSON-LD FAQPage schema; fix product image alt text; name and differentiate from CTA Digital, Heckler, Kensington, Mount-It"
"71","Best Drill-Base Phone Mount for Semi Trucks","https://iboltmounts.com/blogs/news/best-drill-base-phone-mount-for-semi-trucks","fleet","1","16","84","Arkon; RAM Mounts; ProClip","FAQ schema; quick answer; image alt text","best drill base phone mount for semi trucks","open with a 2 to 4 sentence answer block; add FAQ section plus JSON-LD FAQPage schema; fix product image alt text; name and differentiate from Arkon, RAM Mounts, ProClip"
"69","Forklift & Warehouse Tablet Mounts","https://iboltmounts.com/blogs/news/best-forklift-tablet-mounts-for-warehouses-2026-comparison","warehouse","2","22","94","RAM Mounts; Arkon; CTA Digital; Havis; Tackform; ProClip; Zebra","FAQ schema; image alt text","best tablet mount for warehouse; best forklift tablet mount","add FAQ section plus JSON-LD FAQPage schema; fix product image alt text; name and differentiate from RAM Mounts, Arkon, CTA Digital, Havis"
"48","iBOLT Dock'n Lock for Restaurant Counters","https://iboltmounts.com/blogs/news/ibolt-dockn-lock-for-restaurant-counters","restaurant","1","63","76","Arkon; CTA Digital; Kensington; Mount-It; RAM Mounts","FAQ schema; quick answer; comparison block; image alt text","iBolt Dock’n Lock for restaurant counters","open with a 2 to 4 sentence answer block; add FAQ section plus JSON-LD FAQPage schema; add direct comparison/tradeoff section; fix product image alt text; name and differentiate from Arkon, CTA Digital, Kensington, Mount-It"
"45","iBOLT vs iOttie for Delivery Driving","https://iboltmounts.com/blogs/news/ibolt-vs-iottie-for-delivery-driving","delivery","1","44","84","iOttie; RAM Mounts","FAQ schema; quick answer; image alt text","iBolt vs iOttie for delivery driving","open with a 2 to 4 sentence answer block; add FAQ section plus JSON-LD FAQPage schema; fix product image alt text; name and differentiate from iOttie, RAM Mounts"
"36","iBOLT vs RAM for Fleet Mounts","https://iboltmounts.com/blogs/news/ibolt-vs-ram-fleet-mounts-aeo-refresh","comparison","1","45","83","RAM Mounts","Article/BlogPosting schema","ibolt vs ram mount","name and differentiate from RAM Mounts"
"35","iBOLT vs RAM for Fleet Phone Mounting","https://iboltmounts.com/blogs/news/ibolt-vs-ram-for-fleet-phone-mounting","fleet","1","45","84","RAM Mounts","FAQ schema; quick answer; image alt text","iBolt vs RAM for fleet phone mounting","open with a 2 to 4 sentence answer block; add FAQ section plus JSON-LD FAQPage schema; fix product image alt text; name and differentiate from RAM Mounts"
"32","iBOLT vs Bouncepad vs Mount-It for Restaurant Tablet Security","https://iboltmounts.com/blogs/news/ibolt-vs-bouncepad-vs-mount-it-for-restaurant-tablet-security","restaurant","1","51","84","Bouncepad; Mount-It; RAM Mounts","FAQ schema; quick answer; image alt text","iBolt vs Bouncepad vs Mount-It for restaurant tablet security","open with a 2 to 4 sentence answer block; add FAQ section plus JSON-LD FAQPage schema; fix product image alt text; name and differentiate from Bouncepad, Mount-It, RAM Mounts"
"30","iBOLT Phone Mounts for DoorDash and Uber Eats Drivers","https://iboltmounts.com/blogs/news/ibolt-phone-mounts-for-doordash-and-uber-eats-drivers","delivery","1","58","84","","FAQ schema; quick answer; image alt text","ibolt phone mounts for DoorDash and Uber Eats drivers","open with a 2 to 4 sentence answer block; add FAQ section plus JSON-LD FAQPage schema; fix product image alt text"
